Country Name,Country Code,"Population, total",Population growth (annual %),Surface area (sq. km),Poverty headcount ratio at national poverty lines (% of population),"GNI, Atlas method (current US$)","GNI per capita, Atlas method (current US$)","GNI, PPP (current international $)","GNI per capita, PPP (current international $)",Income share held by lowest 20%,"Life expectancy at birth, total (years)","Fertility rate, total (births per woman)","Adolescent fertility rate (births per 1,000 women ages 15-19)","Contraceptive prevalence, any method (% of married women ages 15-49)",Births attended by skilled health staff (% of total),"Mortality rate, under-5 (per 1,000 live births)","Prevalence of underweight, weight for age (% of children under 5)","Immunization, measles (% of children ages 12-23 months)","Primary completion rate, total (% of relevant age group)","School enrollment, secondary (% gross)","School enrollment, primary and secondary (gross), gender parity index (GPI)","Prevalence of HIV, total (% of population ages 15-49)",Forest area (sq. km),"Water productivity, total (constant 2015 US$ GDP per cubic meter of total freshwater withdrawal)",Energy use (kg of oil equivalent per capita),CO2 emissions (metric tons per capita),Electric power consumption (kWh per capita),GDP (current US$),GDP growth (annual %),"Inflation, GDP deflator (annual %)","Agriculture, forestry, and fishing, value added (% of GDP)","Industry (including construction), value added (% of GDP)",Exports of goods and services (% of GDP),Imports of goods and services (% of GDP),Gross capital formation (% of GDP),"Revenue, excluding grants (% of GDP)",Start-up procedures to register a business (number),Market capitalization of listed domestic companies (% of GDP),Military expenditure (% of GDP),Mobile cellular subscriptions (per 100 people),High-technology exports (% of manufactured exports),Merchandise trade (% of GDP),Net barter terms of trade index (2015 = 100),"External debt stocks, total (DOD, current US$)",Total debt service (% of GNI),Net migration,"Personal remittances, paid (current US$)","Foreign direct investment, net inflows (BoP, current US$)",Net ODA received per capita (current US$),GDP per capita (current US$),"Foreign direct investment, net (BoP, current US$)","Inflation, consumer prices (annual %)"
Afghanistan,AFG,33753499,3.121341229,652860,NA,20114103581,600,77739869000,2300,NA,62.659,5.405,97.415,22.5,50.5,72.7,NA,62,NA,53.28514099,0.642329991,0.1,12084.4,0.943409015,NA,0.297971775,NA,19134221645,1.451314661,2.447563001,20.63432272,22.12404249,NA,NA,NA,10.13111817,4,NA,0.994575823,58.39109599,NA,43.34641959,100,2596917266,0.292136691,-281739,228991809.2,169146608,126.630723,566.8811297,-166983554.9,-0.661709165
Albania,ALB,2880703,-0.291205787,28750,NA,12635760849,4390,33981401261,11800,7.7,78.644,1.613,20.276,NA,NA,9.6,NA,97,107.2767868,103.0848999,0.982420027,0.1,7891.875,12.37701425,NA,1.665218525,NA,11386853113,2.218726375,0.56399135,19.78021442,21.763681,27.26739115,44.53361519,25.8190485,24.7381502,5,NA,1.162303864,117.9871153,1.634190367,54.61561626,100,8447046911,10.24058354,-12240,153312400.5,989578334.8,116.3466014,3952.803574,-910256726,1.896174026
Algeria,DZA,39543154,1.999946051,2381741,NA,2.15807E+11,5460,5.41234E+11,13690,NA,75.622,3.041,11.888,NA,NA,25.3,NA,95,98.12547302,NA,NA,0.1,19560,20.93967563,NA,3.951960939,NA,1.87494E+11,3.2,-4.986744795,10.5327897,32.75650093,20.52814168,32.67648091,51.77961256,NA,12,0.076813038,6.270242856,109.3176407,0.233281066,46.06550957,100,4671396333,0.376339888,-36371,72128990.59,-537792920.9,1.79879423,4741.49977,638915215.3,4.784447007
American Samoa,ASM,51368,-1.639270188,200,NA,NA,NA,NA,NA,NA,NA,NA,43.031,NA,NA,NA,NA,NA,NA,NA,NA,NA,172.8,NA,NA,NA,NA,673000000,3.149606299,1.469732765,NA,NA,63.59583952,98.81129272,NA,NA,NA,NA,NA,NA,NA,156.6121842,100,NA,NA,-1629,NA,NA,NA,13101.54182,NA,NA
Andorra,AND,71746,0.17437769,470,NA,NA,NA,NA,NA,NA,NA,NA,7.402,NA,100,3.6,NA,96,66.09499359,92.54579926,NA,NA,160,NA,NA,6.485769241,NA,2789881259,1.434140395,0.660588959,0.51342011,9.981268716,NA,NA,NA,NA,NA,NA,NA,99.42853957,22.64484328,49.60784606,100,NA,NA,-232,NA,NA,NA,38885.53032,NA,NA
Angola,AGO,28127721,3.617677518,1246700,NA,1.10414E+11,3930,1.90283E+11,6760,NA,60.655,5.774,148.074,NA,NA,87.9,19,51,NA,NA,NA,1.8,693826.9,128.2363901,NA,1.125185364,NA,90496420507,0.943571561,-3.518385346,9.122534372,41.93309219,29.75459795,33.13391814,34.20249083,18.77664497,8,NA,3.105426293,49.36244924,12.60448602,59.53163639,100,48771532654,9.984958464,74170,1252909012,10028215163,13.51193712,3217.33924,-10813085379,9.355972155
Antigua and Barbuda,ATG,89941,0.786935419,440,NA,1301652850,14470,1766297473,19640,NA,77.913,1.567,34.834,NA,100,10.9,NA,91,100.3881989,117.027771,0.990040004,NA,84.5,326.7626263,NA,5.450239602,NA,1437755556,1.445155299,2.788170374,1.445411315,15.92502718,70.69120079,59.35588907,NA,NA,9,NA,NA,195.6860129,0,35.81971901,100,NA,NA,60,52822644.38,114024660.1,16.56641587,15985.54114,-99949131.34,0.968993459
Argentina,ARG,43131966,1.078001344,2780400,NA,5.4328E+11,12600,8.4896E+11,19680,NA,76.76,2.301,65.395,NA,99.6,11.8,NA,89,106.0531311,107.5490723,1.028380036,0.4,290970,15.7800288,NA,4.301913806,NA,5.94749E+11,2.731159828,26.5799916,5.156685902,23.15305614,10.70565205,11.78057404,17.07070488,22.1490803,14,9.438368633,0.850128583,142.9639551,9.225691782,19.67030526,100,1.77185E+11,3.067548607,5522,685001365.9,11758994011,-0.437494568,13789.06042,-10883760784,NA
Armenia,ARM,2878595,-0.392995249,29740,NA,11738591315,4080,30505448341,10600,8.2,74.436,1.602,24.66,NA,NA,14.5,NA,97,94.22637939,85.79370117,1.037989974,0.2,3295.2,3.225347652,NA,1.85625279,NA,10553337518,3.199999999,1.213909905,17.22312003,25.70869944,29.72539121,41.95668313,20.73053013,23.09249267,4,NA,4.239225786,120.3535058,5.651814377,44.76309027,100,8831021221,14.07469273,-27283,363788468.8,184127986.3,120.7116704,3666.141822,-155376062,3.731691193
Aruba,ABW,104257,0.637959162,180,NA,2639315168,25320,3718236361,35660,NA,75.683,1.972,28.989,NA,NA,NA,NA,NA,NA,NA,NA,NA,4.2,NA,NA,NA,NA,2962907263,-0.623625902,6.831286936,0.012519788,12.46882309,72.85291285,72.98075045,21.53891957,NA,NA,NA,NA,135.2427175,4.968985791,53.32600247,100,NA,NA,177,101227532.4,-26881396.99,NA,28419.26453,37200481.56,0.474763597
Australia,AUS,23815995,1.439216653,7741220,NA,1.44197E+12,60550,1.07998E+12,45350,NA,82.4,1.814,12.322,NA,98.8,3.9,NA,95,NA,159.1107635,0.925260007,0.1,1330945,146.6126839,5483.816402,16.19845822,NA,1.35177E+12,2.201810153,-0.622921249,2.375282585,23.68290667,20.05812647,21.53615394,26.25809902,24.50014864,3,87.81703813,1.953633592,108.1853261,19.68531481,29.30863306,100,NA,NA,209466,6032850095,46892808568,NA,56758.8692,-38634724990,1.508366722
Austria,AUT,8642699,1.120992502,83879,14.1,4.10367E+11,47480,4.26733E+11,49370,7.9,81.1902439,1.49,7.913,NA,98.5,3.7,NA,96,99.39652252,101.4115829,0.972829998,NA,38811.9,109.4473205,3800.29942,7.318859537,NA,3.81971E+11,1.014501586,2.300978667,1.129790194,25.17491325,53.08906056,49.33825483,23.80552569,45.12297832,8,25.15356994,0.698116413,155.8663134,15.03264403,80.83699546,100,NA,NA,115125,4750215268,-7975773544,NA,44195.81759,5836278366,0.896563335
Azerbaijan,AZE,9649341,1.191209858,86600,NA,63779093246,6610,1.40815E+11,14590,NA,71.451,1.94,63.093,NA,99.8,26.6,NA,98,103.2802124,86.49900055,NA,0.1,10778.87,4.540699406,NA,3.292794814,NA,53076235355,1.093975916,-8.849692569,6.177454947,44.89132034,37.79477749,34.80673042,27.91357117,34.18370725,3,NA,5.464876793,108.4519054,3.898571966,48.62628223,100,13337861420,3.714183938,1084,1293019000,4047630000,7.210855314,5500.503646,-838252000,4.027685737
"Bahamas, The",BHS,392697,0.912227428,13880,NA,10508280318,26760,11693074157,29780,NA,73.104,1.576,30.622,NA,98,14,NA,94,NA,NA,NA,1.3,5098.6,NA,NA,5.62112774,NA,11671900000,0.996758611,5.308932146,0.826771991,11.311783,36.33769995,37.12934484,24.9608033,14.83503566,8,NA,NA,79.24028134,0,30.88614536,100,NA,NA,1001,178800140.7,76075924.75,NA,29722.40684,-76075924.75,1.861483029
Bahrain,BHR,1362142,3.816604913,778,NA,31006860866,22760,59328731229,43560,NA,79.405,2.131,14.492,NA,99.9,7.6,NA,99,99.37207794,100.8134537,1.002130032,NA,6,195.6370274,NA,22.38562499,NA,31125851064,2.863047304,-9.369332141,0.315466039,40.2986503,82.90638896,71.65060855,25.46909766,17.20862114,7,61.84913614,4.644111349,184.9333623,0.93561435,93.00307947,100,NA,NA,29250,2367287234,64893617.02,NA,22850.6654,3126063830,1.848627424
Bangladesh,BGD,157830000,1.191061127,147630,NA,1.91339E+11,1210,7.07742E+11,4480,NA,70.491,2.114,83.664,NA,NA,38.5,28.9,97,NA,62.03123093,NA,0.1,18834,5.440384944,NA,0.463517075,NA,1.95147E+11,6.552639878,5.872777041,14.78299644,26.83139483,17.33667379,24.74932252,28.88668925,9.844484139,9,33.55675033,1.208517107,83.23875309,0.307867108,38.1385056,100,38704937144,0.844871389,-286512,32102746.72,2831152765,16.42849846,1236.435456,-2771250741,6.19428023
Barbados,BRB,278083,0.212392264,430,NA,4509606532,16220,4251232357,15290,NA,76.65,1.614,41.555,NA,99,13.3,NA,96,NA,108.2815323,1.013700008,1.1,63,67.69500643,NA,4.565435499,NA,4738650450,2.423925408,-1.810997655,1.595947006,13.59454357,39.93320609,47.15209475,16.83883752,26.58080567,7,62.2348078,NA,120.3928324,NA,44.33751808,100,NA,NA,-65,54531589.64,688525943.3,NA,17040.41761,-366328937.7,-1.112789925
Belarus,BLR,9461076,0.132853237,207600,5.1,63815259853,6750,1.64291E+11,17360,9.7,73.62439024,1.724,17.837,NA,NA,4.1,NA,99,94.09764099,97.52033234,0.991069973,0.4,86335,38.98818311,NA,5.799689169,NA,56454889147,-3.829663071,16.02323933,6.282949616,32.69269269,58.01023245,57.90345901,29.03459015,29.67682238,5,0.945905675,1.257482359,118.016106,4.472900643,100.4323998,100,38257921211,9.204631036,13681,162300000,1652300000,11.05371121,5967.06856,-1545700000,13.53448976
Belgium,BEL,11274196,0.579446242,30530,NA,5.13774E+11,45570,5.2825E+11,46850,8.6,80.99268293,1.7,6.862,NA,NA,4.1,NA,96,NA,164.0798187,1.080549955,0.2,6893,115.75753,4687.787049,8.434836506,NA,4.62336E+11,2.041459009,1.330386128,0.68641478,19.66988832,77.80528215,76.38726436,23.62795037,40.42014258,5,89.66568929,0.909284202,113.5645872,12.33445901,167.0585268,100,NA,NA,57008,4441158754,-19514245855,NA,41008.29672,26844377439,0.561429153
Belize,BLZ,359871,2.116320634,22970,NA,2061416233,5730,3253391316,9040,NA,73.187,2.438,69.786,NA,93.5,15.7,4.6,96,105.6142197,80.97367096,0.982169986,1.4,13328.3,21.72979514,NA,1.875949993,NA,2194709309,3.225493091,0.047314442,9.606910562,14.85225799,51.52884275,52.4655757,16.68420407,22.18176625,9,NA,0.892029622,58.89499293,0,69.66754064,100,1279832151,4.664193374,1363,41161360.53,59119223.9,78.55592826,6098.60008,-58649340.13,-0.861584009
Benin,BEN,10932783,2.951249123,114760,40.1,12462818464,1140,30710151501,2810,3.2,59.377,5.319,95.516,NA,NA,97.4,NA,67,78.03270721,57.3949585,0.859269977,1.1,33851.5,87.60123844,NA,0.503586324,NA,11388160997,1.77815106,0.851504261,26.39208509,16.38509544,24.72045121,32.03586197,20.73179209,NA,8,NA,0.798484705,85.22948043,1.625438077,37.25799101,100,2170545281,0.692155472,3366,98216933.46,149755663.3,39.93768146,1041.652523,-117056378,0.218785924
Bermuda,BMU,65237,0.151869636,4290,NA,6596440015,101120,4992912409,76530,NA,80.918,1.4,8.902,NA,NA,NA,NA,NA,104.991951,90.52207184,1.048499942,NA,10,NA,NA,NA,NA,6654541000,0.7755297,2.95202007,0.227889497,5.124380479,49.97083946,23.32465906,11.89258583,NA,NA,27.80056506,NA,60.17990625,27.16155607,14.36612984,100,NA,NA,-315,186973109.8,-143094386.1,NA,102005.6256,58627864.43,NA
Bhutan,BTN,743274,0.93496965,38394,NA,1995199619,2680,6957141131,9360,NA,70.343,1.957,29.516,NA,89,30.7,NA,97,94.79000092,85.19419098,1.035249949,0.2,27151.8,6.377392751,NA,1.402040163,NA,2154921011,6.568454317,3.316207396,12.17817487,39.05530874,32.01767979,58.98987324,57.29285374,18.24699963,8,NA,NA,90.91492505,NA,74.71271532,100,2011104023,6.408376488,-1171,54958721.17,6450953.85,130.8804005,2899.228294,-6450953.85,4.548143951
Bolivia,BOL,11090085,1.57314494,1098580,NA,32208419843,2900,76087068286,6860,3.9,67.318,2.886,70.233,NA,88.8,31.9,NA,95,89.52144623,91.79682159,0.982349992,0.3,520272.2,15.80469265,NA,1.803674183,NA,33000198249,4.85718718,-4.620602258,10.23949411,25.20241628,30.86829603,37.06454916,20.28127688,NA,14,NA,1.759435915,91.63886556,6.402594479,56.036027,100,9895204080,3.117666035,-10525,210175743.5,554643532.3,71.35292449,2975.648811,-556430243.1,4.059610411
Bosnia and Herzegovina,BIH,3524324,-1.317606589,51210,16.9,18086544443,5130,41956685718,11900,NA,76.182,1.289,10.862,NA,99.9,6.4,NA,83,91.67944336,83.06999969,NA,NA,21605,39.19796624,NA,5.569578733,NA,16404348871,4.314750611,1.365730709,6.037566951,21.72645605,35.11487563,53.17711421,21.68958985,38.13548511,13,NA,1.000613801,97.70724826,2.963819947,85.8552821,100,11614129610,11.69247139,-33976,55544289.46,383089615.7,101.1229429,4654.60862,-288355804.4,NA
Botswana,BWA,2305171,1.962368912,581730,16.1,13517543943,5860,30117036388,13060,3.9,63.818,2.942,54.22,NA,99.7,48.6,NA,97,NA,NA,NA,21,158462,72.01037171,NA,3.014835776,NA,13530748845,-4.85133564,3.730317376,1.947764868,37.54399949,53.09089734,59.80999367,28.44328922,35.32039,9,NA,2.825194499,150.7621557,0.6887783,100.1718394,100,2236640614,1.89613329,2145,94742111.7,378554181.5,28.43173062,5869.737579,-195308867,3.062031696
Brazil,BRA,205188205,0.845992601,8515770,NA,2.08425E+12,10160,2.93288E+12,14290,3.6,74.332,1.777,62.434,NA,98.2,15.9,NA,96,NA,100.920517,1.01473999,0.5,5038848,28.22129983,NA,2.365360621,NA,1.80221E+12,-3.545763393,7.566175012,4.319149429,19.36004398,12.90019142,14.05343452,17.41162587,29.2514316,11,27.21844343,1.365517154,125.6477067,14.48571488,20.37728957,100,5.43397E+11,5.080891166,4764,1339086890,64738153494,4.889121197,8783.215424,-61604176365,9.029901024
British Virgin Islands,VGB,29366,1.354221289,150,NA,NA,NA,NA,NA,NA,75.675,1.186,17.99,NA,NA,15.4,NA,NA,105.2109222,99.16829681,0.987879992,NA,36.2,NA,NA,NA,NA,NA,NA,NA,NA,NA,NA,NA,NA,NA,NA,NA,NA,194.766056,NA,NA,100,NA,NA,302,NA,66712741571,NA,NA,NA,NA
Brunei Darussalam,BRN,421437,1.140935878,5770,NA,16120439313,38250,27808124919,65980,NA,74.75,1.947,11.525,NA,100,9.9,NA,96,99.8239975,107.5790024,0.998702049,NA,3800,140.5466466,NA,15.18067944,NA,12930291488,-0.39238375,-17.61280313,1.102486219,61.36235797,52.21059737,37.68319271,35.24580943,NA,7,NA,3.279290461,109.9533264,19.08870744,74.10505795,100,NA,NA,-485,NA,171289167.8,NA,30681.43397,-171289167.8,-0.488347421
Bulgaria,BGR,7177991,-0.638069468,111000,22.9,53359150403,7430,1.27899E+11,17820,5.3,74.61463415,1.53,39.2,NA,93.4,8.2,NA,92,97.06964874,100.0604706,0.975459993,0.1,38330,9.026183197,NA,6.207377524,NA,50811995689,3.397553876,2.947745873,4.061975774,24.03013949,63.80715712,62.92836755,20.9999296,33.60238615,7,NA,1.24553912,125.7944108,8.430607456,107.4077081,100,40378595625,19.23718718,-15356,114850000,2221390000,NA,7078.860323,-2098190000,-0.104633261
Burkina Faso,BFA,18718019,2.972345608,274220,NA,12719827562,680,30316565398,1620,NA,58.845,5.478,122.57,21.2,79.8,100.4,22.8,88,60.71788025,33.09024811,0.960349977,0.9,64664,14.46474244,NA,0.2031091,NA,11832159316,3.921228794,-2.223954179,22.64649849,24.36137578,26.10764554,32.98153577,19.40669972,14.97638664,3,NA,1.250780702,77.18176266,4.960277402,44.42130857,100,12597759899,14.23857776,-19754,180767735.8,231901703.7,53.33844434,632.1266858,-217796773,0.724838981
Burundi,BDI,10727148,2.18870609,27830,NA,2652740333,250,8810641483,820,NA,60.217,5.695,60.503,NA,NA,67.3,NA,93,62.09434128,45.28647995,1.004040003,1.3,2796.4,11.08176918,NA,0.034193618,NA,3104003546,-3.90000008,21.31874702,30.6846973,11.76642869,6.417273565,16.42100985,12.16345825,13.95769908,3,NA,2.131319915,46.58923322,3.492667709,31.50769596,100,626941607.8,0.867539085,-236447,21041437.16,49622865.77,34.20480573,289.3596272,-49470693.08,5.544688913
Cabo Verde,CPV,552166,1.109056551,4030,35.2,1855146771,3360,3353556951,6070,5.7,74.62,2.117,64.655,NA,91.4,18.3,NA,92,94.85301208,87.53730774,1.014520049,0.8,442.2,69.16433282,NA,0.905343683,NA,1749857620,0.936026508,1.620407559,6.408286376,14.61589099,41.13545234,52.87307781,29.10703356,20.9324135,9,NA,0.558982326,110.7398862,NA,38.34597696,100,1550559212,2.476047158,-1474,14207581.32,96071472.84,277.5433475,3169.078901,-111989153.5,0.131187999
Cambodia,KHM,15417523,1.34979002,181040,NA,16563942899,1070,48865317116,3170,NA,69.873,2.55,49.999,NA,NA,31.6,NA,85,89.68599701,NA,NA,0.7,88468.2,8.264631085,NA,0.546949079,NA,18049954289,6.965797817,1.786112458,26.58036001,27.67957211,61.71842376,66.14564324,22.4529982,16.57847147,8,NA,1.801622621,135.2392534,1.535160367,120.7925497,100,9438769398,4.05224204,-52272,314340835.2,1822804151,44.04338998,1170.742816,-1735043113,1.223931955
Cameroon,CMR,23012646,3.147582249,475440,NA,34926201164,1520,78538750619,3410,NA,59.658,4.832,118.841,NA,NA,89.3,NA,74,74.51306152,59.55471039,0.883459985,3.6,206204.8,29.5941134,NA,0.369370823,NA,32210233021,5.666952987,0.309791678,17.2094159,25.09148801,20.98914963,24.5509972,18.24985549,15.48490098,7,NA,1.098898643,78.91603165,4.856916367,31.36580848,100,7304904667,1.60185256,42007,75607434.96,694336734.9,28.86065223,1399.675336,-638519165.4,2.676235314
Canada,CAN,35704498,0.760300145,9879750,NA,1.69885E+12,47580,1.57042E+12,43980,6.9,81.81560976,1.6,9.685,NA,97.9,5.4,NA,89,NA,111.9304504,1.00838995,0.2,3471157.1,43.5630791,7631.00173,15.64921036,NA,1.55651E+12,0.649970994,-0.867651312,1.869835946,24.41568255,31.84996096,34.3149411,23.82159339,17.8509095,2,102.3700787,1.152709374,83.30038912,14.82804766,53.97887832,100,NA,NA,232738,5114157604,59986208237,NA,43594.1941,23927632715,1.125241361
Cayman Islands,CYM,60911,2.24463645,264,NA,2738890218,44970,2340668351,38430,NA,NA,NA,13.044,NA,NA,NA,NA,NA,NA,97.23799896,NA,NA,127.2,NA,NA,NA,NA,4708167255,2.833122427,0.341901494,0.378695339,7.006039148,NA,NA,NA,NA,NA,6.703882485,NA,153.0823661,NA,22.32291129,100,NA,NA,1079,NA,80501525457,NA,77295.84566,NA,-2.347527702
Central African Republic,CAF,4819333,0.428340362,622980,NA,1802704235,370,3603540435,750,NA,52.793,6.035,160.531,NA,NA,114.8,NA,46,NA,NA,NA,4,224530,23.39069951,NA,0.038262556,NA,1695825714,4.33712103,2.708263108,31.52738103,22.12525135,17.06766062,36.07748715,21.80538045,5.663160089,10,NA,1.575316779,25.7814515,5.268427891,25.47431593,100,690626853.7,1.023291639,-63213,NA,3000000,101.034731,351.8797548,NA,1.402970171
Chad,TCD,14140274,3.184100813,1284000,NA,12409756504,880,25398175030,1800,NA,51.589,6.706,161.833,5.7,24.3,128.6,29.4,46,38.94754028,23.02865982,0.698719978,1.4,48900,12.44928633,NA,0.104563037,NA,10950392257,2.767675685,-8.480017258,30.46300587,33.58470806,30.00176089,36.56240346,28.45915626,NA,9,NA,2.018821845,38.65410953,NA,55.94320145,100,2798645241,1.061537676,-48918,NA,559642023,42.88954872,774.4116031,NA,4.377126651
Channel Islands,CHI,162190,0.79108558,198,NA,NA,NA,NA,NA,NA,81.433,1.521,12.91638341,NA,NA,NA,NA,NA,NA,NA,NA,NA,10.2,NA,NA,NA,NA,NA,NA,NA,NA,NA,NA,NA,NA,NA,NA,NA,NA,NA,NA,NA,NA,NA,NA,1396,NA,NA,NA,NA,NA,NA
Chile,CHL,17870124,1.029425554,756096,11.7,2.54044E+11,14220,3.95546E+11,22130,5.6,79.746,1.737,40.067,NA,99.7,8,NA,96,97.77294922,100.9216766,0.988600016,0.4,175960.8,6.855076788,2016.687461,4.603236105,NA,2.4245E+11,2.151942499,4.954365527,3.709404275,27.88064041,29.19107949,30.15803099,25.59943795,21.14235766,8,78.51174289,1.909623355,129.861175,6.713711562,51.31895954,100,NA,NA,55709,386476769,17766285629,3.040269997,13567.35722,-1915152096,4.348773532
China,CHN,1379860000,0.581456147,9562911,5.7,1.08832E+13,7890,1.81295E+13,13140,6.4,76.977,1.67,15.327,NA,99.9,10.7,NA,99,NA,NA,1.01157999,NA,2102942.5,18.69140355,NA,7.145131535,NA,1.10616E+13,7.041328879,-0.002944094,8.387014882,40.84133997,21.35407988,18.11008945,43.23480666,16.04302306,11,74.02219921,1.776771069,92.70071605,30.42194543,35.73663652,100,1.33377E+12,1.150766579,-155379,5718191073,2.42489E+11,-0.2219718,8016.445595,-68098649765,1.437023809
Colombia,COL,47119728,0.941994067,1141749,NA,3.48545E+11,7400,6.18045E+11,13120,3.8,76.257,1.863,69.796,81,99,15.6,NA,94,102.4092331,97.67411804,1.021569967,0.4,601346.6,11.30738888,NA,1.719390231,NA,2.93492E+11,2.955901375,2.449328421,5.980424808,28.58944789,15.65021151,22.71055261,23.77369229,24.10241628,9,29.28711569,3.109960084,121.6634145,9.849345632,30.57967059,100,1.13362E+11,4.914883111,-41064,333683053.2,11620532646,28.77605838,6228.651621,-7402796210,4.989831158
Comoros,COM,730216,2.160064273,1861,NA,1077014644,1470,2154448542,2950,NA,62.896,4.418,66.546,NA,NA,61.4,NA,90,NA,NA,NA,0.1,351.1,96.60296009,NA,0.254582206,NA,966029600.9,1.147350761,-0.522859923,30.59862821,10.40840816,10.13619831,27.66875376,13.63804028,NA,9,NA,NA,58.17265028,3.22171045,23.91231074,100,125602671.9,0.764493461,-1349,1061490.514,4936699.51,90.15140976,1322.936776,-4936699.51,NA
"Congo, Dem. Rep.",COD,78656904,3.389391312,2344860,NA,34874329939,440,64496691330,820,NA,58.49,6.437,116.739,NA,NA,95.5,NA,65,67.49658966,43.82403946,0.889490008,0.8,1316621.2,55.46768066,NA,0.041082217,NA,37917706497,6.916167119,-1.155878593,18.3703885,41.7048639,27.7255678,31.60686316,18.5271202,10.75591665,7,NA,1.295639749,47.99678106,2.604466899,44.1825246,100,5996709516,0.982862011,47831,851177411,1165720010,33.04414197,482.0645686,-1165720010,0.744198995
"Congo, Rep.",COG,5064386,2.388405079,342000,NA,15680036451,3100,23908515204,4720,NA,63.233,4.564,115.052,30.1,91.2,52.9,NA,80,70.32499695,NA,NA,3.6,220150,270.3216058,NA,1.116621047,NA,12434793868,0.415193061,-17.25398754,5.810583781,48.67895667,40.85704879,76.46367277,76.78231476,19.94571492,12,NA,NA,102.9937292,0.925919621,154.1883219,100,6776694503,3.36287339,-18219,67671191.45,4279839199,17.53420909,2455.340858,-3730406566,3.169097968
Costa Rica,CRI,4895242,1.046343404,51100,23.6,51917061835,10610,80876470645,16520,4.3,79.086,1.79,55.253,77.8,90,9,NA,93,95.09250641,117.9162827,1.016720057,0.4,29530.3,17.67113423,NA,1.539842157,NA,56441920821,3.652080968,3.955215396,4.749110429,19.96787847,29.99565786,30.75790407,18.85372644,23.45720806,9,4.169808479,NA,153.9372109,16.98400363,45.5246732,100,23588779506,5.118596137,4065,407784045.2,2955521681,22.73636381,11529.95517,-2541308964,0.801982005
Cote d'Ivoire,CIV,23596741,2.580767289,322460,44.4,47540059402,2010,1.08732E+11,4610,5.7,57.762,4.813,112.919,NA,NA,86.3,NA,67,58.07336044,41.66373825,0.818220019,2.7,34011.5,39.42771529,NA,0.415553148,NA,45815005169,7.194949427,4.775682373,18.36204169,20.12155783,27.35324379,25.35962095,23.38814947,12.16411655,5,27.26842429,1.243927247,107.6742335,7.209713719,48.31604824,100,11387731267,1.806114886,-21498,649769213.5,494408755.8,27.62118801,1941.581898,-480000380.5,1.251499548
Croatia,HRV,4203604,-0.824099164,88073,19.5,56776312546,13510,99152112714,23590,7.3,77.27560976,1.41,9.784,NA,99.9,4.9,NA,93,100.3335724,100.7059402,1.031939983,0.1,19220,74.63228985,NA,3.94953949,NA,51011170112,2.549129635,0.121551145,2.951277432,20.48689475,45.4201754,45.2101587,19.25980778,37.99723907,8,36.09889748,1.760576686,103.7803054,10.70642055,65.66404951,100,NA,NA,-13408,412761799.2,33194697.02,NA,12135.10362,-219175590.6,-0.464499005
Cuba,CUB,11339894,0.069407446,109880,NA,81916050561,7220,NA,NA,NA,77.772,1.694,50.275,NA,99.9,6.1,NA,99,95.60201263,96.27414703,0.985199988,0.5,31840,12.52267893,NA,2.575844183,NA,87132800000,4.438333589,3.439048763,3.835754159,22.35380936,17.14738881,14.46642367,9.389116383,NA,NA,NA,3.083791445,29.41249715,NA,17.27478056,100,NA,NA,-14372,NA,NA,49.20328373,7683.740254,NA,NA
Curacao,CUW,157980,1.319593903,444,NA,2966429649,18780,3742606011,23690,NA,78.07560976,1.9,31.645,NA,NA,NA,NA,NA,NA,NA,NA,NA,0.7,NA,NA,NA,NA,3058779218,0.458151544,-0.476487693,0.205942605,16.50359727,68.49411643,79.81969949,26.36974169,NA,NA,NA,NA,112.3351733,NA,65.32017703,100,NA,NA,844,130206703.9,146435754.2,NA,19361.813,-127804469.3,-0.47654205
Cyprus,CYP,1187280,0.870039642,9251,16.1,22116016423,26090,26874819794,31700,7.8,80.966,1.326,5.446,NA,97.1,2.9,NA,90,96.81906128,99.77831268,0.996190012,0.1,1727.1,85.81581493,NA,5.771090223,NA,19909269064,3.418923188,-0.754234116,1.867984518,10.19094075,70.01730313,67.25912892,13.63309263,37.93262351,6,13.52334931,1.647667627,130.9823176,12.7108239,51.82510702,100,NA,NA,4655,634530436.7,28960532080,NA,23487.21875,15284627941,-2.096997691
Czechia,CZE,10546059,0.196588748,78870,9.7,1.93692E+11,18370,3.32985E+11,31570,9.7,78.57804878,1.57,11.626,NA,NA,3.2,NA,99,97.02459717,104.8105164,1.007060051,0.1,26683.9,117.5206565,3860.002964,9.592919971,NA,1.88033E+11,5.388380838,0.99227616,2.211213873,33.7818228,80.55877811,74.61688537,27.98324807,31.30544141,8,NA,0.946582096,118.34677,17.72876868,159.1432992,100,NA,NA,5297,1376392339,1699914617,NA,17829.69832,2026234172,0.309364548
Denmark,DNK,5683483,0.70642385,42920,NA,3.43919E+11,60510,2.87305E+11,50550,9.4,80.70243902,1.71,3.561,NA,95.4,4.1,NA,91,99.5803299,133.7954712,1.018450022,0.1,6246.8,372.8419202,2816.614565,5.930324767,NA,3.02673E+11,2.342591108,0.433060802,0.957580201,19.98745459,55.4181744,48.630054,20.63120591,39.49785365,5,NA,1.111446012,124.683046,17.16507899,59.82692794,100,NA,NA,22368,2781262009,1850770715,NA,53254.85637,5406579387,0.452034154
Djibouti,DJI,1006259,1.721247739,23200,NA,2424979431,2410,4486898403,4460,NA,61.957,3.066,23.267,NA,NA,65.2,NA,74,51.71247864,39.05390167,1.005810022,NA,56,127.5995677,NA,0.443772428,NA,2424391785,7.526108919,1.807100821,1.059007526,11.39514948,145.4213075,122.9421488,-3.945924357,NA,7,NA,NA,31.23947214,NA,41.45369598,100,1227496570,1.766543926,1723,NA,143832186.4,172.3115017,2409.311902,-143832186.4,-0.847389734
Dominica,DMA,70007,0.91263243,750,NA,489397211.1,6990,757229494.5,10820,NA,68.727,1.694,41.114,NA,100,27.1,NA,96,96.68508148,93.76158905,0.986060023,NA,478.7,27.03685185,NA,2.584027312,NA,540737037,-2.731503063,6.819833773,14.05557572,12.53364749,47.32429674,60.46342783,13.30351578,NA,5,NA,NA,110.3533983,NA,45.12359674,100,317214934.8,4.487581782,-393,24805920.92,7160376.509,167.2689879,7724.042411,-18664593.25,-0.843826985
Dominican Republic,DOM,10405832,1.196044004,48670,NA,67656552686,6500,1.48517E+11,14270,5,72.953,2.43,95.116,NA,99.6,35.1,NA,90,99.69489288,79.9378891,0.98536998,1,21036.5,9.971252184,NA,2.267046018,NA,71164826837,6.927018772,2.471885977,5.484695931,28.49636818,23.7615823,28.40949542,23.44214517,17.57838899,7,NA,0.643674978,84.54150519,3.966814609,37.02531317,100,26727445940,7.672361933,-30310,585000000,2227300000,26.90414293,6838.936746,-2204900000,0.836746347
Ecuador,ECU,16195902,1.479835238,256370,23.3,97078893909,5990,1.73825E+11,10730,4.6,76.789,2.26,79.692,NA,94.2,15.3,NA,84,106.151207,104.62043,1.022459984,0.4,128191.8,9.803501281,NA,2.555603263,NA,97209558000,0.119692109,-5.475632657,8.020496297,28.09004234,22.75448573,25.07355398,22.68643583,30.84588338,12,NA,2.616074159,79.92016129,7.688544036,40.99288261,100,28392958561,5.33902298,14740,291533662.2,1322701337,19.64447572,6002.108311,-1322701337,3.966646233
"Egypt, Arab Rep.",EGY,97723799,2.205259807,1001450,27.8,3.09136E+11,3160,1.06715E+12,10920,9.1,70.483,3.436,56.931,NA,NA,23.2,NA,92,NA,NA,NA,0.1,484.2,5.408318174,NA,2.315542399,NA,3.29367E+11,4.372019078,9.93088973,11.39406107,36.63020154,13.18384549,21.66209747,14.28863701,20.98862474,9,16.7569735,1.723147428,96.20599379,0.793889602,25.78373338,100,49873938936,1.168642646,-79150,622700000,6925200000,25.83331855,3370.382447,-6743500000,10.37049034
El Salvador,SLV,6231066,0.346286118,21040,NA,21764575109,3490,46774257455,7510,6.1,71.814,2.067,70.359,NA,99.9,15.3,NA,97,92.77680969,70.69818878,NA,0.5,6063.8,62.05517607,NA,1.123018116,NA,23438240000,2.400000089,1.307617777,5.52976674,25.28892954,29.48617302,47.07409771,16.01698762,20.81504314,9,NA,1.056819966,149.7999219,4.977013925,67.419738,100,15570377313,5.852182765,-51282,74340145.28,494541718.1,14.39561015,3761.51368,-396350024,-0.731384487
Equatorial Guinea,GNQ,1346973,3.920785477,28050,NA,12677723816,9410,21360452977,15860,NA,60.103,4.774,161.13,NA,NA,93.5,NA,50,39.06110001,NA,NA,6.6,24902.2,665.9341859,NA,4.078923631,NA,13185496881,-9.110041149,-20.19275037,1.888390876,59.10058727,56.65847382,42.21958535,24.7014529,26.36465746,18,NA,1.041432076,39.5951515,NA,76.03050602,100,NA,NA,17694,NA,233325073,5.560616116,9788.983804,NA,1.676630853
Eritrea,ERI,3340006,0.497672572,121675.405,NA,NA,NA,NA,NA,NA,66.033,4.217,70.691,NA,NA,46.4,NA,97,57.43307877,43.28332138,0.855459988,0.7,10710.6,NA,NA,0.170927837,NA,NA,NA,NA,NA,NA,NA,NA,NA,NA,13,NA,NA,14.22153134,NA,44.89797344,100,873287801.3,NA,-53049,NA,49323000,28.11970942,NA,NA,NA
Estonia,EST,1315407,0.06555253,45340,21.7,24427565023,18570,37534878530,28530,7.5,77.5902439,1.58,12.848,NA,99.7,3.1,NA,93,96.96095276,108.6216965,0.997789979,0.8,24210.1,14.17084,4173.326583,10.92977307,NA,22890762090,1.853020046,1.03644083,2.85804689,23.86328154,77.43549844,73.50169126,25.09424245,35.60598665,3,NA,2.026041742,144.7940413,22.70949347,119.5110931,100,NA,NA,4308,93682192.44,-715465129.9,NA,17402.03761,140346638.4,-0.492326007
Ethiopia,ETH,102471895,2.695393167,1136244.136,23.5,60070106909,590,1.68886E+11,1650,7.3,63.649,4.531,76.59,36.9,NA,63.1,NA,56,52.84944153,34.86714172,0.921459973,1.2,174335,6.268479356,NA,0.127315885,NA,64589328551,10.39246302,10.83654278,36.05697539,16.29779364,9.363313597,30.29281055,40.67127298,9.943344344,14,NA,0.705414651,41.29095943,6.194386344,30.37034204,100,20443875424,1.713626328,62784,14437634.41,2626517918,31.60759243,630.3126194,-2626517918,9.56889956
Faroe Islands,FRO,48816,0.721624003,1396,NA,2820525000,57780,2693885371,55180,NA,81.79268293,2.419,10.397,NA,NA,NA,NA,NA,NA,NA,NA,NA,0.8,NA,NA,NA,NA,2573905971,0.976378534,4.859462801,15.66437605,16.48553445,53.21649246,52.39417913,23.96777733,NA,NA,NA,NA,109.0072927,NA,75.11145233,100,NA,NA,542,NA,NA,NA,52726.68738,NA,NA
Fiji,FJI,917200,0.178965106,18270,NA,4432045850,4830,10123784860,11040,NA,66.844,2.642,30.936,NA,99.9,21.3,NA,97,101.1449966,87.76100159,1.020750284,0.2,11066.2,55.1528845,NA,1.377889228,NA,4682479894,4.50120041,2.530898047,7.871624085,15.17127027,48.83675558,52.35229338,22.4179309,25.65663559,11,NA,0.91014731,105.3150894,2.400884476,63.55606575,100,1232759435,7.72656341,-11047,9666037.82,205373209.1,111.73136,5105.189592,-239314277.2,1.374885426
Finland,FIN,5479531,0.329383886,338446,11.6,2.58523E+11,47180,2.35158E+11,42920,9.4,81.4804878,1.65,6.282,85.5,99.7,2.5,NA,95,99.45561981,150.8192139,1.057180047,NA,224090,86.02977859,5924.700125,7.813697924,NA,2.34534E+11,0.543659212,1.616746497,2.25370769,23.3058164,35.40695887,35.97558956,21.71298815,37.37398586,3,NA,1.449960972,134.9804296,10.184202,51.2705211,100,NA,NA,12433,927659181.5,17485137456,NA,42801.90812,-18241204965,-0.20792884
France,FRA,66548272,0.35556924,549087,NA,2.73726E+12,41130,2.7772E+12,41730,7.9,82.32195122,1.96,8.273,NA,97.7,4.2,NA,91,NA,103.3960419,1.003419995,0.4,168360,86.75446874,3692.017833,4.675935087,NA,2.43919E+12,1.112912341,1.138248785,1.605644387,17.67969171,30.59262238,31.15907156,22.71232406,44.03697726,5,85.61524406,1.872258281,104.4996731,28.18460929,44.15492844,100,NA,NA,18807,12791549841,42825414106,NA,36652.92231,8404253504,0.037514381
French Polynesia,PYF,291787,0.658118801,3471,NA,NA,NA,NA,NA,NA,82.354,1.905,38.679,NA,NA,NA,NA,NA,NA,NA,NA,NA,1494.6,NA,NA,NA,NA,5325846362,1.66510563,1.960063357,3.228458901,10.82484305,19.61376507,36.01670356,19.97060117,NA,NA,NA,NA,91.96228756,11.82096334,31.11242585,100,NA,NA,-1676,9522350.051,26007149.16,NA,18252.5142,-3267219.219,NA
Gabon,GAB,2028517,3.086916384,267670,NA,15530343979,7660,26774535153,13200,NA,65.46,3.889,103.618,NA,NA,50.6,NA,68,NA,NA,NA,3.7,235900,103.4012061,NA,3.014911879,NA,14383107763,3.878899395,-8.927172453,4.311629044,48.1836273,46.0320085,27.91777295,29.23095629,20.07516814,9,NA,1.185025609,139.0944715,1.081085549,116.6298708,100,5127734759,3.568950418,12041,121711150.5,41707702.33,48.69567215,7090.454634,-25253212.34,-0.338795189
"Gambia, The",GMB,2253133,2.886819384,11300,48.6,1302539892,580,4321340159,1920,7.4,62.494,5.314,78.309,NA,NA,59.5,NA,97,60.71094894,NA,NA,1.8,2713.4,13.5647304,NA,0.260037912,NA,1378176609,4.058073804,9.720362427,22.20888602,17.14345306,19.59633316,33.34117199,20.35152108,NA,7,NA,1.040522123,120.5286503,1.064935065,38.81940794,100,586005734.1,3.031693101,-3224,20477127.06,71976051.7,50.56958575,611.6712191,-74230000,6.808454946
Georgia,GEO,3725276,0.157481405,69700,21.6,16764254569,4500,44676688236,11990,6.7,73.297,2.204,49.524,NA,99.9,10.5,NA,96,107.1288223,106.2083588,1.014359951,0.2,28224,9.411893245,NA,2.523141909,NA,15223796149,3.351023503,5.377421677,8.542060322,19.7698929,40.13724933,56.87906217,26.87715931,27.15063101,2,NA,2.00294589,147.1900215,5.789104667,62.42858159,100,14874617981,14.50355701,-13317,95862423.06,1735307119,120.5091898,4086.622347,-1419607447,4.003578207
Germany,DEU,81686611,0.865702644,357410,NA,3.74002E+12,45780,3.97771E+12,48690,8,80.64146341,1.5,8.318,NA,97.1,3.9,NA,97,102.0928574,102.1924133,0.966109991,0.1,114190,135.7294933,3817.549415,9.087344804,NA,3.35759E+12,1.491931528,1.853678824,0.684691591,27.10978858,46.92073836,39.32548626,19.74294325,28.50600427,9,51.10220955,1.137338427,117.4073504,17.82123201,70.80498307,100,NA,NA,397921,14320879461,62475577278,NA,41103.25644,68388393319,0.514426137
Ghana,GHA,28870939,2.364269759,238540,NA,53904245538,1870,1.44493E+11,5000,NA,63.175,4.05,69.999,32.9,NA,55.3,NA,89,93.67414856,67.10279846,0.981519997,1.8,78804.4,34.34610268,NA,0.49602474,NA,49406010054,2.120759338,13.25296668,19.9826506,31.1193795,33.83170482,42.6895661,27.70964117,14.5298039,8,NA,0.392914355,121.2582209,7.577973961,48.14394033,100,31269213548,2.211397817,-13308,2607106387,3192320531,61.32394864,1711.271326,-2970893677,17.1499695
Gibraltar,GIB,32520,0.209321015,10,NA,NA,NA,NA,NA,NA,80.427,2.186,13.609,NA,NA,NA,NA,NA,NA,NA,NA,NA,0,NA,NA,NA,NA,NA,NA,NA,NA,NA,NA,NA,NA,NA,NA,NA,NA,127.4323493,NA,NA,100,NA,NA,-101,NA,NA,NA,NA,NA,NA
Greece,GRC,10820883,-0.658861361,131960,21.2,2.18453E+11,20190,2.89335E+11,26740,5.8,81.03658537,1.33,8.094,NA,99.9,4.3,NA,97,98.1567688,102.2276764,0.959569991,0.2,39018.03,19.75005319,2182.071093,6.285087825,NA,1.95684E+11,-0.19608763,-0.293730433,3.864703148,14.4993252,32.12716124,33.15053123,12.07698379,46.49176652,5,21.50389491,2.463303289,116.2863558,12.90897175,38.50094137,100,NA,NA,-29315,1870201142,1268938506,NA,18083.87791,313664376.5,-1.735888048
Greenland,GRL,56114,-0.322038549,410450,NA,NA,NA,NA,NA,NA,71.47902439,2.01,39.778,NA,NA,NA,NA,NA,NA,NA,NA,NA,2.2,NA,NA,NA,NA,2499113023,-2.529318024,8.144380572,17.03779039,17.04671163,37.57984513,45.52153588,24.02966611,NA,NA,NA,NA,109.1351487,78.47652795,42.93523303,100,NA,NA,-348,NA,NA,NA,44536.35497,NA,NA
Grenada,GRD,118980,0.850810359,340,NA,850090266.4,7140,1338456471,11250,NA,75.013,2.126,34.957,NA,99,15,NA,99,NA,101.1627884,0.971180022,NA,177,70.70974521,NA,2.291141368,NA,997007407.4,6.445223147,2.758392063,7.428526851,12.32428898,NA,NA,NA,NA,6,NA,NA,100.6614557,5.974957013,40.62156379,100,601161099.1,3.061859925,-190,47650085.51,154268835.2,202.5550545,8379.621847,-135207147.8,-0.515448031
Guam,GUM,167978,0.259298371,540,NA,NA,NA,NA,NA,NA,76.616,2.922,41.341,NA,NA,NA,NA,NA,NA,NA,NA,NA,250,NA,NA,NA,NA,5799000000,0.825688073,2.522468165,NA,NA,18.07208139,53.26780479,NA,NA,NA,NA,NA,NA,NA,12.70908777,100,NA,NA,-1852,NA,NA,NA,34522.37793,NA,NA
Guatemala,GTM,15567419,1.691465093,108890,NA,57670069914,3700,1.39281E+11,8950,NA,72.103,3.029,80.387,60.6,65.5,28.4,12.4,79,85.14929962,54.91804886,0.958909988,0.3,35858,18.70763958,NA,1.057073109,NA,62186064719,4.092170816,2.23162146,9.967003032,22.73751094,19.82990769,30.06354563,14.8281551,11.66841342,9,NA,0.405967931,113.250852,5.476163577,45.53592534,100,20378217942,3.479140742,-48162,22906100,1203355080,26.41992282,3994.629085,-1048092040,2.388720328
Guinea,GIN,11625998,2.549276719,245860,NA,8703469637,750,22336836809,1920,NA,58.134,5.022,132.184,NA,NA,112.4,NA,47,62.83499908,35.65800095,0.765342057,1.6,63890,10.76300425,NA,0.216953418,NA,8794202394,3.825910569,2.972289354,18.47824054,26.32463978,21.49687039,50.94585499,24.16336504,NA,7,NA,2.517735345,92.58559996,0.959602494,45.17749105,100,2042183634,0.887083434,-15127,25699500.51,53272458.42,46.39601903,756.4255898,-48257258.42,11.7800825
Guinea-Bissau,GNB,1788919,2.582649543,36130,NA,1191004679,670,3159045810,1770,NA,59.128,4.671,102.21,NA,NA,92.1,NA,80,NA,NA,NA,3.3,20222.1,6.585052382,NA,0.157581198,NA,1152384167,6.134089355,14.51966291,35.15777855,12.92684753,25.04671196,29.32366363,14.97454143,NA,9,NA,1.479004202,69.23136263,5.806451613,43.64863858,100,394321266,0.43488163,-1393,38406676.67,18575499.45,53.15500385,644.1790639,-16230041.41,1.476720489
Guyana,GUY,755031,0.520003881,214970,NA,4197321440,5560,8706492197,11530,NA,68.201,2.534,73.404,NA,95.8,33.1,NA,99,NA,NA,NA,1.5,184613.6,2.962442164,NA,2.754761063,NA,4279840194,0.687404591,3.004309517,25.44312148,24.71873879,NA,NA,NA,NA,7,NA,1.084865471,71.86433405,0.177560753,61.75464224,100,1636917068,1.682867541,-6524,131992083.3,137700000,42.5677878,5668.429765,-137700000,-1.001734328
Haiti,HTI,10563757,1.439893507,27750,NA,15073930812,1430,31928717825,3020,NA,63.237,3.108,56.276,NA,NA,69.7,NA,69,NA,NA,NA,1.7,3628.5,10.24112366,NA,0.310537245,NA,14849629309,1.400000009,5.205963298,17.219899,26.05569094,11.76774698,30.17799113,13.97372865,NA,12,NA,0.0522037,69.10420223,NA,30.74150812,100,2096138364,0.237109482,-32698,247297661.3,105680000,99.00454785,1405.714776,-105680000,6.731840697
Honduras,HND,9294505,1.809362407,112490,51.5,18753419056,2020,41708776073,4490,3.7,72.487,2.581,77.993,NA,72,20.5,NA,98,NA,NA,NA,0.3,64638.3,13.05525307,NA,1.133809708,NA,20979791685,3.840079971,6.932770369,12.21597845,25.64997094,45.16675746,62.0976479,25.11800475,23.36315517,11,NA,1.67127565,86.59296148,1.308471331,92.47470276,100,7626993494,6.576108709,-6512,41100000,1316679827,58.16339607,2257.225284,-951580322.1,3.15783118
"Hong Kong SAR, China",HKG,7291300,0.851197911,1106,NA,3.00224E+11,41180,4.16188E+11,57080,NA,84.25268293,1.196,3.643,NA,NA,NA,NA,NA,95.35119629,107.4316864,0.998780012,NA,NA,NA,NA,NA,NA,3.09386E+11,2.387838881,3.643509283,0.067965375,7.058016579,195.8976016,193.5083476,21.54147973,NA,2,1029.418948,NA,226.0108938,12.30273536,345.6062344,100,NA,NA,13061,758670560.6,1.81047E+11,NA,42432.16197,-1.02532E+11,2.990848193
Hungary,HUN,9843028,-0.237855002,93030,14.5,1.30198E+11,13230,2.51156E+11,25520,7.8,75.56829268,1.45,23.966,NA,99.6,5,NA,99,98.64808655,104.5458221,1.00296998,NA,20608.2,31.06058734,2432.751791,4.407596931,NA,1.25174E+11,3.707315979,2.775741908,3.789563644,26.38323124,87.52645093,79.7939941,23.51230922,40.22121673,6,14.12987234,0.904722073,100.5722734,17.08323171,152.1855544,100,NA,NA,14166,676851846.1,-5266437315,NA,12717.0386,-2890619219,-0.06164468
Iceland,ISL,330815,1.041940387,103000,8.8,17462374118,52790,16247537963,49110,9.5,82.46829268,1.8,7.482,NA,98.2,2.6,NA,93,99.09667969,119.8073578,1.003890038,0.1,481.6,62.67338289,17478.89304,6.219488234,NA,17517210519,4.436663719,6.054520348,5.290914343,20.06093987,51.65172145,44.16648646,19.40362868,32.36346226,5,NA,NA,115.9665922,20.13938791,57.26368356,100,NA,NA,1477,84516225.7,1145767445,NA,52951.68151,-695187948.3,1.633055582
India,IND,1322866505,1.18779532,3287260,NA,2.0976E+12,1590,7.12099E+12,5380,8.4,69.636,2.287,22.432,NA,NA,43.6,36.3,87,99.90399933,74.94833374,1.03027153,0.3,708280,3.248785112,NA,1.631323487,NA,2.10359E+12,7.996253786,2.279588108,16.17450811,27.34739148,19.81318916,22.10972471,32.11673014,12.41520954,14,82.96153709,2.457450061,75.67324414,8.021878855,31.47393343,100,4.78831E+11,2.388564585,-475094,4882832496,44009492130,2.399599722,1590.174331,-36495216491,4.906973441
Indonesia,IDN,259091970,1.110854932,1913580,11.2,8.86547E+11,3420,2.53812E+12,9800,6.9,69.699,2.345,38.928,60,NA,27.5,NA,87,109.5289993,89.54357147,0.985639989,0.4,950279,3.989135678,NA,1.887564481,910,8.60854E+11,4.8763223,3.98024266,13.49264356,40.0478624,21.16017926,20.77746098,34.06279218,12.96669934,13,41.03725655,0.882266734,130.8216306,8.88659189,34.04304572,100,3.0785E+11,7.241901856,-37991,4605139443,19779127977,-0.109845161,3322.581679,-10704478317,6.363121131
"Iran, Islamic Rep.",IRN,81790841,2.261784926,1745150,NA,4.47833E+11,5480,1.13188E+12,13840,7.2,75.124,2.053,37.97,NA,NA,15.5,NA,99,100.0703201,88.14298248,1.005290031,0.1,106919.8,4.391747368,NA,7.325792139,NA,4.08213E+11,-1.424884939,0.197001679,10.09160141,32.17473965,18.72083451,20.70175415,31.98240852,NA,10,21.90720481,2.557090807,90.74220792,1.432633919,28.22350664,100,6455859301,0.17856251,628310,NA,2050000000,1.355897557,4990.936795,NA,12.48468156
Iraq,IRQ,37757813,2.71497647,435052,NA,2.06206E+11,5460,3.4742E+11,9200,NA,69.44,4.09,75.916,NA,NA,29.5,NA,71,NA,NA,NA,0.1,8250,4.778080018,NA,3.526944212,NA,1.66774E+11,4.722864019,-30.19965394,4.191868175,45.34028882,34.51414644,35.07762216,20.35965171,30.59581162,10,NA,5.41292532,88.87962046,NA,69.61152634,100,19135602755,1.140293291,-19490,539300000,-7574200000,39.27504862,4416.942924,7721900000,1.393330288
Ireland,IRL,4701957,0.944845307,70280,NA,2.37052E+11,50420,2.50677E+11,53310,8,81.45365854,1.85,7.924,NA,99.7,3.7,NA,93,98.70777893,116.9898682,1.008460045,0.2,7546.7,242.8946775,2819.875852,7.887609351,NA,2.92364E+11,24.47525334,8.300141348,0.8922281,38.25554322,121.8502384,93.14569536,25.90922235,25.91190463,4,43.78403315,0.341856403,105.0634623,28.33872591,68.52343125,100,NA,NA,13130,703547561,2.3706E+11,NA,62179.26427,-47433558093,-0.330959783
Isle of Man,IMN,83593,-0.3618152,570,NA,6990702742,83630,NA,NA,NA,78.905,1.711,20.706,NA,NA,NA,NA,NA,NA,NA,NA,NA,34.6,NA,NA,NA,NA,7084800892,-0.385867274,-0.627042047,0.472320118,8.706772725,NA,NA,NA,NA,NA,NA,NA,NA,NA,NA,NA,NA,NA,-231,NA,NA,NA,84753.51874,NA,NA
Israel,ISR,8380100,1.981288976,22070,NA,3.06303E+11,36550,2.97313E+11,35480,5,82.05121951,3.09,9.937,NA,NA,3.9,NA,98,98.78568268,96.33895111,1.008249998,NA,1650,264.7594039,2777.875324,7.913354256,NA,3.03414E+11,2.485826289,2.317748029,1.418492836,19.82274245,31.17124903,28.04105109,21.8266673,31.80306556,5,80.38635576,5.423970378,131.9966662,23.65347975,41.56956664,100,NA,NA,12049,4732700000,11336200000,NA,36206.52222,-367800000,-0.601291007
Italy,ITA,60730582,-0.096376133,302069,20.6,2.00402E+12,33000,2.22543E+12,36640,5.9,82.54390244,1.35,5.214,NA,99.9,3.5,NA,85,98.94875336,101.2275238,0.996529996,0.3,92970.8,54.08219675,2481.754645,5.563294289,NA,1.83664E+12,0.778304351,0.931863575,2.065236762,20.85638428,29.71598237,26.70219379,17.10726702,39.77273757,7,NA,1.208228253,145.5869288,8.150901386,47.2553185,100,NA,NA,34031,8860397467,13303439230,NA,30242.38614,2120880783,0.0387904
Jamaica,JAM,2794445,0.354975146,10990,NA,13597633923,4870,24401476528,8730,NA,72.394,1.588,45.715,NA,99.7,18.7,NA,91,90.40287781,87.49781036,NA,1.3,5774.6,17.09510472,NA,2.536711225,NA,14188936918,0.921487125,6.655407824,6.308335899,19.26597766,29.92166548,46.19585618,21.35192571,27.46533101,2,41.57809732,0.872353476,112.2660894,1.036084939,44.09068866,100,14075342975,29.58167643,-11329,287140244.5,924977863.7,21.13836547,5077.550969,-890764825,3.691542289
Japan,JPN,127141000,-0.106124994,377971,NA,5.00647E+12,39380,5.40445E+12,42510,NA,83.79390244,1.45,4.027,39.8,99.9,2.8,NA,96,NA,102.2004166,1.004559994,NA,249440,55.61903994,3428.557216,9.268049646,NA,4.44493E+12,1.560626697,2.111298993,1.03412007,28.58371142,17.43675984,17.99064852,25.16534788,NA,8,110.123633,0.947283519,126.1756831,18.01897198,28.64022185,100,NA,NA,150215,4000341421,5252218412,NA,34960.63938,1.33163E+11,0.795279631
Jordan,JOR,9494246,9.219917888,89320,NA,36645221073,3860,84627584195,8910,NA,75.011,3.175,30.402,NA,NA,17.5,NA,94,NA,NA,NA,0.1,975,44.44484898,NA,2.66573038,NA,38587017887,2.496528793,2.169752117,4.392268659,25.23280626,36.54443702,58.8134752,24.83503291,21.57187603,7,65.96107031,4.185162947,145.3297924,2.577043113,73.3614608,100,25598481275,5.505502898,490844,596760563.4,1600281690,225.5102774,4064.25301,-1599295775,-0.87685136
Kazakhstan,KAZ,17542806,1.461484685,2724902,NA,1.99695E+11,11380,3.80991E+11,21720,10,71.97,2.74,31.948,55.7,99.4,11.9,2,99,100.4639969,102.357933,1.020920038,NA,33084.562,8.512853403,NA,10.89105129,NA,1.84388E+11,1.200000001,1.823549876,4.710547419,30.85478739,28.51670801,24.5330208,27.9079156,13.66643674,6,18.92303372,NA,147.5074806,43.42962219,41.50152507,100,1.5347E+11,20.17552615,-12253,3181475768,6577824050,4.657179527,10510.77032,-3261447512,6.678285856
Kenya,KEN,46851488,2.20032212,580370,36.1,62095754502,1330,1.56101E+11,3330,6.2,61.892,3.8,81.426,64.1,NA,47.5,NA,96,102.0845795,NA,NA,4.9,35224.1,21.7765363,NA,0.386120074,NA,70120446897,4.967721128,9.238654684,19.46961478,18.8940457,15.1287339,25.19865079,22.1033982,19.35154294,13,NA,1.203169408,80.50105901,4.365945999,31.37316,100,19783760502,1.408885178,-95981,35050867.92,619724465,52.58232265,1496.653573,-377731883.4,6.582154293
Kiribati,KIR,116707,1.486483528,810,NA,408508831.8,3500,524579333.3,4490,NA,66.059,3.53,43.365,NA,NA,59,NA,84,NA,NA,NA,NA,11.8,NA,NA,0.520105906,NA,191572320.4,11.44067797,3.072654403,NA,NA,13.93315059,95.31930039,NA,107.6289631,7,NA,NA,35.13071195,1.38260122,66.29350196,100,NA,NA,-853,1027820.66,-819824.3529,556.521862,1641.480977,941845.9362,0.572015744
"Korea, Dem. People's Rep.",PRK,25258015,0.52351508,120540,NA,NA,NA,NA,NA,NA,72.784,1.884,2.007,NA,NA,21.1,NA,98,NA,95.95696259,NA,NA,61362.4,NA,NA,0.993803353,NA,NA,NA,NA,NA,NA,NA,NA,NA,NA,NA,NA,NA,12.82761135,NA,NA,100,NA,NA,-3200,NA,78207032,5.203496501,NA,NA,NA
"Korea, Rep.",KOR,51014947,0.527288497,100295,NA,1.46514E+12,28720,1.93964E+12,38020,NA,82.02439024,1.239,2.987,79.6,100,3.5,NA,98,100.5217438,98.59319305,0.995540023,NA,63370,50.21197165,5413.347857,11.91468649,NA,1.46604E+12,2.809103268,3.185595967,2.003907793,34.14993567,42.98956153,36.14293286,29.52928082,24.81399026,4,83.98138205,2.494981365,115.5716703,31.21077647,65.70466692,100,NA,NA,266322,8719500000,4104100000,NA,28737.43917,19583000000,0.706331772
Kosovo,XKX,1788196,-1.364932338,NA,17.6,7029467299,3930,15839094175,8860,9.5,78.922,1.751,10.122,NA,NA,14.3,NA,NA,NA,NA,NA,NA,NA,NA,NA,NA,NA,6295848423,5.916231283,0.607840659,7.677168234,26.94323282,22.45139286,51.5690494,30.43246864,NA,4,NA,0.794280304,NA,NA,NA,NA,2158469237,2.511291953,-14819,68395898.17,343350610.6,244.8333391,3520.782075,-302274786,-0.536929393
Kuwait,KWT,3908743,3.837569365,17820,NA,1.60419E+11,41040,1.9281E+11,49330,NA,79.562,2.16,7.146,NA,99.9,9.1,3.2,93,NA,95.25441742,1.048840046,0.1,62.5,168.5577461,NA,22.77502,NA,1.14586E+11,0.592771759,-25.95833147,0.537729006,55.93584566,53.766258,44.9333335,25.42808961,NA,12,83.87923705,5.007469397,196.0922731,0.127428394,74.25455973,100,NA,NA,259114,15202536401,284647623.8,NA,29315.1931,5154974475,3.271701661
Kyrgyz Republic,KGZ,5956900,2.059025966,199949,32.1,7025885605,1180,24107226487,4050,9.5,70.65121951,3.2,44.121,NA,NA,22.2,NA,99,103.9720001,90.06700134,1.004979968,0.2,12518.1,0.866508046,NA,1.723480334,NA,6678177512,3.875825445,3.427287503,14.06076433,25.07806232,35.18960049,75.77197023,34.67146926,30.06601324,4,NA,1.752024087,128.1397232,12.24602062,82.52251442,100,7720114041,6.880291658,-29468,362554963,1144054000,130.0525478,1121.082696,-1009094000,6.50331839
Lao PDR,LAO,6787419,1.423956165,236800,NA,13339842543,1970,39554381324,5830,NA,66.67,2.766,80.232,NA,NA,53.1,25.5,81,101.072998,62.41899872,0.937261164,0.3,167680,1.83775543,NA,1.307698847,NA,14426380126,7.270065844,2.348496007,17.5877597,27.69334425,33.95225731,51.8460644,31.5566516,15.8072954,10,NA,NA,54.91280264,35.18016555,64.65932492,100,11641678830,3.050874696,-12995,43338071.87,1077759915,69.4063526,2125.458901,-1038062947,1.277354271
Latvia,LVA,1977527,-0.818626341,64594,21.8,29871535987,15110,49153743810,24860,7.1,74.4804878,1.7,17.328,NA,99.9,5.1,NA,96,100.0109482,112.3566513,0.990239978,0.5,33914.4,154.2902691,NA,3.699519653,NA,27263090547,3.885260054,0.115712474,3.494675227,19.10356882,60.27538277,62.02398197,23.80509525,39.69672709,4,NA,1.037354277,130.0230176,18.92450347,99.05333349,100,NA,NA,-11163,273065661.1,812843819.5,NA,13786.4568,-669889911,0.174242244
Lebanon,LBN,6398940,1.966373269,10450,NA,47635097530,7440,1.09205E+11,17070,NA,79.229,2.178,21.994,NA,NA,12.7,NA,82,NA,NA,NA,0.1,1403.3,27.55482221,NA,4.222074281,NA,49929337837,0.462320793,3.335784449,3.284663267,15.70518464,23.13966773,48.69937491,22.22277926,17.12476796,8,22.79411363,4.486884345,72.78785236,2.18800841,45.95895118,100,68219052512,28.44019488,-223722,3674947485,2159289952,150.9015533,7802.751368,-1499077656,-3.749145248
Lesotho,LSO,2118521,1.104914388,30360,NA,2703479429,1280,7143024232,3370,NA,51.101,3.264,90.797,NA,NA,82.1,NA,93,79.34462738,58.58946991,1.045600057,24.1,345.2,53.87412613,NA,1.012121192,NA,2359686725,3.12406678,10.20303919,3.781903447,33.7385657,42.89180371,86.83096937,30.43663474,39.17851624,7,NA,1.865757963,101.020571,0.144664193,123.999511,100,952588686.1,2.013606278,-4129,0,113220010.4,40.82565047,1113.836835,-113220010.4,3.218445137
Liberia,LBR,4612329,2.035413638,111370,NA,2896065017,630,5703744575,1240,NA,59.148,4.523,140.428,NA,NA,88.1,NA,64,NA,36.62308121,0.863579988,1.3,77687.4,22.11840781,NA,0.270535775,NA,3227075700,-0.01856497,0.062713426,34.40375446,16.82484548,NA,NA,NA,NA,5,NA,1.051498096,79.17908718,NA,61.04598042,100,837435458.6,1.544402371,-15195,339788070.6,232679832.5,237.2900894,699.6629469,-232679832.5,7.748696876
Libya,LBY,6192235,1.537394116,1759540,NA,54685569670,8830,1.19908E+11,19360,NA,71.698,2.711,7.616,NA,NA,13.3,NA,98,NA,NA,NA,0.1,2170,8.517045686,NA,8.289607872,NA,48717501321,-0.842656252,-7.040707272,4.386297335,34.82896933,22.22737412,34.67753321,17.38201284,NA,10,NA,NA,157.4081087,NA,57.10678759,100,NA,NA,-7660,839800000,NA,25.41408637,7867.514931,394900000,10.40229336
Liechtenstein,LIE,37355,0.695762434,160,NA,NA,NA,NA,NA,NA,82.65609756,1.4,3.089,NA,NA,NA,NA,NA,105.7471313,116.1234436,0.850310028,NA,67,NA,NA,4.277172909,NA,6268515276,NA,NA,NA,37.26026489,NA,NA,NA,NA,NA,NA,NA,109.623879,NA,NA,NA,NA,NA,141,NA,80400430108,NA,167809.2699,NA,NA
Lithuania,LTU,2904910,-0.940753797,65286,21.9,44113300214,15190,80739969856,27790,6.1,74.32195122,1.7,14.238,NA,100,4.9,NA,94,100.7350235,107.6729279,0.970130026,0.2,21870,108.5268029,NA,3.809894282,NA,41435533340,2.024583955,0.063682791,3.42067512,26.71806,68.77764073,69.77467659,21.26976178,31.37607978,4,NA,1.137748174,141.1735748,12.78020722,129.2272494,100,NA,NA,-18912,589066458.3,1036954106,NA,14263.96458,-680317054.7,-0.884097406
Luxembourg,LUX,569604,2.359951181,2590,NA,41884059862,73530,39536868192,69410,7.4,82.29268293,1.47,5.393,NA,NA,2.7,NA,99,80.56880188,104.3791885,1.020449996,0.2,887,1340.883576,6548.405559,16.03464863,NA,60071584216,2.269784484,2.219180657,0.223732629,11.53962343,191.835449,159.2965253,18.95848577,39.4391768,5,78.45869327,0.415571528,141.6910194,7.106325905,67.29970672,100,NA,NA,11373,11232764646,45432153556,NA,105462.0126,78413284267,0.474743161
"Macao SAR, China",MAC,615239,1.816016042,30.4,NA,37383948928,60760,62556810027,101680,NA,83.984,1.196,3.253,NA,NA,NA,NA,NA,91.78946686,100.9664383,0.984610021,NA,NA,NA,NA,NA,NA,45048190598,-21.51440219,4.514051189,NA,7.695964505,78.50673324,39.9916043,25.33693996,31.75302151,NA,NA,NA,308.1886876,0,26.50938882,100,NA,NA,6465,1949440187,486517486.3,NA,73220.63556,-658054977.7,4.56056338
North Macedonia,MKD,1912430,-0.267729528,25710,21.9,10616363345,5550,27844023687,14560,5.6,75.40243902,1.49,17.278,NA,99.9,11.2,NA,89,94.25715637,76.69754791,0.990620017,0.1,9944,11.6922893,NA,3.734568063,NA,10064519963,3.85586514,2.003420846,9.726918494,23.92218322,48.73799991,64.96044397,30.40357525,26.95717503,6,NA,0.993427692,98.8434801,3.36912572,108.9272021,100,6766734551,10.68178626,-1378,19890647,296604200.4,112.0668507,5262.686719,-230313801.4,-0.299920476
Madagascar,MDG,24850912,2.588187143,587295,NA,11802421961,470,36614683088,1470,NA,64.339,4.183,130.238,NA,NA,65.8,NA,60,67.60498047,37.90689087,0.993740022,0.2,124958.9,0.841391098,NA,0.132173016,NA,11323020701,3.132298075,6.503716692,25.74335433,18.95088473,28.39064613,32.82973271,15.99188793,9.789758105,10,NA,0.520469241,43.03168029,0.256953836,42.77127215,100,3007857305,1.290732085,485,57976274.83,328059305.6,27.26298374,455.6380346,-246135354.5,7.404191742
Malawi,MWI,16938942,2.759113701,118480,NA,8650763174,510,23401060115,1380,NA,61.378,4.452,131.928,NA,NA,56.4,11.8,87,NA,40.23437119,0.996720016,9.6,24517,6.795013546,NA,0.064320428,NA,9219474379,2.800000001,19.81466926,22.99483637,17.55617213,NA,NA,NA,11.51057151,8,NA,0.450825678,38.76692535,1.286288318,36.24935503,100,1721202631,0.782595878,-6449,20001245.99,287746689.2,61.97553831,544.2768727,-292852668.8,21.86734755
Malaysia,MYS,31068833,1.499409724,330345,7.6,3.23145E+11,10400,7.45127E+11,23980,5.8,75.094,2.039,12.274,NA,99.4,8.1,12.5,93,99.48899841,84.55256653,1.044669986,0.4,194642.2,48.40270912,NA,7.603420444,NA,3.01355E+11,5.091532422,1.218055734,8.287499926,38.44966979,69.4486909,61.92138155,25.42426328,18.61511879,6,127.0847707,1.503898427,141.9557664,48.47078281,124.744128,100,NA,NA,80603,10482814889,9857162112,-0.019311959,9699.600463,684808753.5,2.104389802
Maldives,MDV,435582,4.422534092,300,NA,3516054033,8070,7037133807,16160,NA,79.695,1.99,12.304,NA,NA,9.8,NA,99,94.82499695,NA,NA,0.1,8.2,878.618153,NA,3.074736789,NA,4129505319,3.971715703,7.323449109,5.533603618,10.7232266,NA,NA,NA,26.16032233,6,NA,NA,169.8394332,NA,51.72532386,100,1004002006,3.641410453,12526,348365189.2,297975993.4,55.07573722,9480.431513,-297975993.4,0.953206659
Mali,MLI,18112907,3.146747167,1240190,47.2,13887598307,770,35613129170,1970,NA,58.363,6.385,163.29,15.6,43.7,115.3,25,66,48.50984955,40.11573029,0.864260018,1.1,132960,2.526950324,NA,0.184608688,NA,13104764378,6.171800024,2.883509375,37.72325687,17.59796791,24.04370851,39.59593117,20.76089776,14.86356696,5,NA,2.360174452,125.3190059,NA,49.73000515,100,3747044963,0.887158109,-48947,132910580.5,275525536,66.34164326,723.5042049,-193153992.7,1.450690576
Malta,MLT,445053,2.386395363,320,16.5,11228865394,25230,15747076847,35380,8.5,81.89756098,1.37,12.385,NA,99.8,6.6,NA,89,98.23544312,95.15711975,1.040079951,0.2,3.5,265.346499,NA,3.723376766,NA,11091483660,9.608132348,4.220118217,0.922881726,12.29359528,154.6181556,144.8520026,24.14010234,37.1172121,10,39.71804075,0.467203717,114.8018196,30.79472035,77.92465161,100,NA,NA,9443,403791052.2,3640705147,NA,24921.71418,-10232703292,1.100548264
Marshall Islands,MHL,49410,-2.021525531,180,NA,242817330.7,4910,265488668.9,5370,NA,63.827,3.063,66.08,NA,NA,35.5,NA,75,NA,88.45281219,1.015650034,NA,94,NA,NA,2.960939081,NA,183222930.9,2.100519333,-3.231618438,12.45653439,11.32875819,44.35735726,94.49376558,17.21231767,27.30516685,5,NA,NA,31.37016798,NA,87.32531414,100,NA,NA,-1901,18452182.37,-5393638.499,1154.826986,3708.215562,5393638.499,NA
Mauritania,MRT,3946220,2.645957102,1030700,NA,6650080316,1690,15313401563,3880,NA,64.485,4.813,83.095,17.8,69.3,49,24.9,70,66.717659,31.06388092,1.020720005,0.4,3400.4,4.574146192,NA,0.751732037,NA,6166863897,5.376339237,-4.793908578,20.62954561,22.7465106,30.19514476,47.15164174,38.46147699,NA,7,NA,2.155572404,92.35377146,NA,89.75388614,100,4993494071,4.047710774,-3018,171581503,501726765.7,83.48748713,1562.726836,-501726765.7,3.254726881
Mauritius,MUS,1262879,0.13240433,2007,NA,13149418994,10410,26123342651,20690,NA,74.35317073,1.36,24.49,NA,99.8,14.6,NA,99,97.83262634,94.61740875,1.032019973,NA,383,19.61975661,NA,3.136404992,NA,12007291046,3.690556904,1.399530743,3.071963434,19.19317901,51.49785241,55.64812703,17.49244541,11.16097697,5,60.28462184,0.142301918,136.2793111,0.114086339,62.06229175,100,10302274190,34.67294484,-2747,599739064.4,216455188,62.09620888,9507.871337,-4506901282,1.286549708
Mexico,MEX,120149897,1.16700885,1964375,NA,1.28051E+12,10660,2.2513E+12,18740,NA,74.682,2.137,67.585,66.9,97.7,16.2,3.9,97,105.9928436,100.9822693,1.029829979,0.4,663309.1,14.1640727,1559.118998,3.925368326,NA,1.21329E+12,2.702323426,3.225428927,3.085186344,30.84025359,34.16277269,36.25020199,23.73612974,18.36819687,7,33.15380484,0.466676122,89.62827659,19.5702756,64.7684483,100,5.30515E+11,4.427261092,-82173,632146573,36249939587,2.672245381,10098.17318,-25271560037,2.72064065
"Micronesia, Fed. Sts.",FSM,109462,0.400941559,700,NA,380262431,3470,432097217.1,3950,NA,71.408,2.971,37.951,NA,NA,30.3,NA,74,90.9240036,NA,NA,NA,642.7,NA,NA,1.323747054,NA,316489900,4.621884004,-5.250358783,26.20168922,6.113275653,27.06500271,78.23146963,NA,28.37381793,7,NA,NA,20.55964627,NA,63.19316983,100,NA,NA,-1415,NA,NA,743.5456998,2891.322103,NA,-0.298115837
Moldova,MDA,2835978,-0.76704956,33850,NA,9330369343,3290,27587814325,9730,9.7,69.24,1.868,36.004,NA,99.7,15.6,NA,89,107.1163406,105.0697098,1.004780054,0.7,3864,9.282937139,NA,2.828160162,NA,7797667197,-0.338235622,11.57431496,12.82125575,21.10766573,31.80692179,57.15949367,24.06209079,26.19323037,5,NA,0.297625495,113.2956183,4.607808404,76.35616973,100,6094646558,5.063837193,-59404,154110000,225870000,110.2194681,2749.551371,-218560000,9.676240331
Monaco,MCO,36760,1.78404622,74.92,NA,NA,NA,NA,NA,NA,NA,NA,7.575,NA,NA,3.5,NA,89,NA,NA,NA,NA,0,1252.329978,NA,NA,NA,6261649891,4.863473211,1.137972438,NA,17.60046779,NA,NA,NA,NA,NA,NA,NA,92.54624592,NA,NA,NA,NA,NA,1019,NA,NA,NA,170338.6804,NA,NA
Mongolia,MNG,2964749,2.110866279,1564120,NA,11403259106,3850,29020289246,9790,NA,69.498,3.01,31.313,NA,NA,19.5,NA,98,99.20600128,NA,NA,0.1,141783.3,27.04816711,NA,5.835434973,NA,11619892591,2.379835807,0.609769218,14.07920318,31.51587758,44.18405023,45.46961324,24.51384852,22.81501596,8,NA,0.875507833,103.4878838,4.164654396,72.86642225,100,21953024494,17.15611776,3932,227551598.3,94319767.47,79.71669654,3919.351213,-82911241.94,5.735682819
Montenegro,MNE,622159,0.056110724,13810,24,4514370082,7260,10383441063,16690,5.2,76.44878049,1.74,11.293,NA,NA,4.1,NA,64,97.74595642,91.18640137,1.011270046,0.1,8270,25.20031123,NA,3.791795988,NA,4054730078,3.390381397,2.219572933,8.061185734,14.35346224,42.11807213,60.57090523,20.09515908,NA,8,NA,1.403717598,158.981712,12.76544051,58.99282947,NA,6674238727,31.06251788,-1943,53639764.55,699855695.3,160.6663234,6517.192675,-687462796,1.548691582
Morocco,MAR,34680458,1.253058273,446550,NA,1.15777E+11,3290,2.69459E+11,7660,NA,72.92,2.531,29.145,NA,NA,23.5,NA,99,95.71690369,NA,NA,0.1,56846.9,10.44299857,NA,1.74053353,NA,1.10414E+11,4.344582976,3.17293531,11.79619318,25.62268173,29.99585389,37.29282204,30.17718823,23.69111211,5,41.59616831,3.230153348,124.279337,3.703852801,54.73408845,100,44387881948,3.286960237,-81202,78799239.1,3252913902,43.77912279,3139.228271,-2596320890,1.557907113
Mozambique,MOZ,26843246,3.043019717,799380,NA,17741679180,660,34338892390,1280,NA,58.151,5.062,174.077,27.1,73,82.8,15.6,87,51.83055115,34.76219177,0.906029999,12.4,379400,11.00406366,NA,0.204084856,NA,16208985770,7.393093699,7.059950335,23.56631649,18.6152107,32.57229353,66.18891012,42.2457875,24.05476747,10,NA,0.840285274,75.00930402,11.66938672,72.47214704,100,38032451512,6.418427325,30414,190566935.1,3868353885,67.76825705,603.8385138,-3866831987,3.550759674
Myanmar,MMR,51483949,0.802515043,676590,32.1,62920798231,1220,2.19736E+11,4270,7.3,65.561,2.248,34.081,NA,NA,51.3,NA,84,NA,NA,NA,0.9,299924.4,1.793725449,NA,0.36970746,NA,59607290408,6.99284029,4.136696739,26.77177865,34.46882126,NA,NA,NA,18.50639742,14,NA,4.301360264,79.62426697,0.469787769,47.50090099,100,10219854991,0.872294204,-94128,382264665.7,4083839112,22.69639417,1157.783961,-4083839112,9.454171895
Namibia,NAM,2282704,1.754600381,824290,17.4,12290654230,5380,24809465414,10870,2.8,60.7,3.604,70.805,NA,NA,46,NA,85,NA,NA,NA,12.9,69939.5,40.2098655,NA,1.812455754,NA,11335161084,4.264174538,3.864574351,6.650426796,27.56365362,35.37084841,61.86818338,30.5564401,35.65520125,10,NA,4.528000168,111.7016048,0.43923199,103.7832627,100,NA,NA,-8596,71439738.98,838879062.7,62.3733979,4965.672765,-734559243.8,3.394015384
Nauru,NRU,11185,2.214779795,20,NA,133868576.9,11970,149784405.5,13390,NA,62.269,3.827,79.647,NA,NA,33.1,NA,98,NA,NA,NA,NA,0,NA,NA,4.872597228,NA,84863440.58,3.418803419,-8.67768595,NA,NA,71.56862745,128.4313725,NA,86.10963924,NA,NA,NA,84.04112651,NA,120.1931,100,NA,NA,-31,18192164.78,NA,2793.920429,7587.25441,4437826.974,NA
Nepal,NPL,27610325,0.53827062,147180,NA,24128375452,870,83445512809,3020,NA,67.456,2.25,77.024,NA,NA,38,NA,85,110.8179932,68.92825317,1.054630041,0.2,59620.3,2.565077896,NA,0.260272199,NA,24360801287,3.976053272,4.409045433,26.51850843,13.16165463,10.21458859,36.4511418,31.27743482,16.99260634,7,NA,1.368131024,99.65856976,0.635275667,30.26583532,100,4142916401,0.916147884,-221059,9494425.813,51895699.93,44.34717597,882.3076616,-51895699.93,7.868908956
Netherlands,NLD,16939923,0.443220089,41540,12.7,8.35162E+11,49300,8.43206E+11,49780,8.9,81.5097561,1.66,3.139,NA,NA,4.1,NA,95,NA,114.1379166,1.008260012,0.2,3648.3,91.02042214,4233.043857,9.290242937,NA,7.65573E+11,1.959169721,0.772727977,1.724327834,18.18602103,82.65889671,75.15767933,22.47495681,38.12318118,4,95.1556283,1.132711505,122.1109286,24.04630709,141.4035401,100,NA,NA,57677,10222554138,3.32926E+11,NA,45193.40322,60422293503,0.600248147
New Caledonia,NCL,269460,0.524642605,18580,NA,NA,NA,NA,NA,NA,77.2804878,2.08,20.999,NA,NA,NA,NA,NA,NA,NA,NA,NA,8385.2,NA,NA,NA,NA,8738203074,NA,NA,1.913341037,22.10003596,18.06916629,41.97762981,34.72253256,NA,NA,NA,NA,91.96027304,5.2672959,44.7231538,100,NA,NA,-2230,28730855.74,1203895440,NA,32428.57223,-1145991625,0.570508141
New Zealand,NZL,4609400,2.036033909,267710,NA,1.87395E+11,40650,1.67067E+11,36240,NA,81.61243902,1.99,18.869,NA,96.3,5.5,NA,93,NA,114.8899918,1.035899997,0.1,98466.1,18.03587046,4431.514731,7.003340999,NA,1.78104E+11,3.734035773,1.4440385,4.470295266,21.15608249,27.95256013,26.93571185,23.14475111,32.73457793,1,41.74550141,0.988586445,121.9886768,10.11212416,39.81320582,100,NA,NA,47165,728535221.1,-73372796.42,NA,38639.35019,57648272.76,0.292704628
Nicaragua,NIC,6298598,1.437940024,130370,NA,11767962615,1870,32223045254,5120,NA,72.983,2.48,93.552,NA,94,19.3,NA,99,NA,NA,NA,0.3,39075.3,9.210110661,NA,0.839345518,NA,12756706583,4.792702232,7.58799163,16.1101157,25.73488598,40.08346107,58.11013296,33.4767491,16.72806415,7,NA,0.775537372,115.3296496,0.583114234,93.27642619,100,11513227717,12.80712366,-24359,1600000,967000000,72.70189547,2025.324776,-922000000,3.997379967
Niger,NER,20128124,3.828859384,1267000,NA,11120160858,550,24526792102,1220,NA,61.083,7.211,177.002,14.7,39.7,126.5,35.8,85,67.11799622,20.8979702,0.824790001,0.3,11418,5.62525003,NA,0.104907442,NA,9683867926,4.392648832,2.249426436,32.41699527,22.53832868,14.26836996,30.45906041,32.35682287,NA,7,NA,NA,44.50986093,15.86162384,36.9377198,100,2228591635,0.865275525,17051,101269765.5,529476871.1,43.19925789,481.1113011,-495338338.2,-0.57609037
Nigeria,NGA,183995785,2.541187462,923770,NA,5.25528E+11,2860,9.63979E+11,5240,7,51.841,5.616,114.982,NA,NA,126.2,19.5,42,NA,45.60858154,NA,NA,224434.5,39.53068335,NA,0.585591675,NA,4.93027E+11,2.652693295,2.863665123,20.63189348,20.1607829,NA,NA,NA,NA,8,10.13614105,0.417636538,81.97475275,11.90587563,19.25169637,100,41541257872,0.369162377,-145917,1035451150,3064168904,13.21519425,2679.554223,-1628965268,9.00943498
Northern Mariana Islands,MNP,51514,-0.661703101,460,NA,NA,NA,NA,NA,NA,NA,NA,40.192,NA,NA,NA,NA,NA,NA,NA,NA,NA,294.9,NA,NA,NA,NA,910000000,3.383458647,5.795454545,NA,NA,52.96703297,69.78021978,NA,NA,NA,NA,NA,NA,NA,52.08791209,100,NA,NA,-866,NA,NA,NA,17665.10075,NA,NA
Norway,NOR,5188607,0.995084737,625184.78,12.2,4.84805E+11,93440,3.28162E+11,63250,9,82.30487805,1.72,4.519,NA,99.1,2.7,NA,95,99.55300903,115.2020416,0.985490024,NA,121410,143.0475446,5817.636603,7.764858661,NA,3.8816E+11,1.857339726,-2.804468122,1.481830296,31.59863177,38.57518873,31.85666781,26.91884149,45.38865619,4,49.95259523,1.498123273,110.1059349,22.26262901,46.46002334,100,NA,NA,30329,4578256593,7274086872,NA,74809.9658,14147392954,2.171136654
Oman,OMN,4191776,4.451607888,309500,NA,86008933958,20520,1.46562E+11,34960,NA,77.687,2.959,17.365,NA,98.7,11.2,NA,99,99.00985718,102.1727295,1.016450047,0.1,30,48.1706201,NA,16.73078428,NA,78710793238,5.017057997,-19.14647252,1.729760807,53.09853524,49.65123925,46.7243584,36.3715665,NA,7,52.24590975,9.571167303,155.7561043,3.243235658,77.41505008,100,NA,NA,134260,10990897269,-2172431730,NA,18777.43306,2507412224,0.065290133
Pakistan,PAK,210969298,1.296551724,796100,24.3,2.79058E+11,1320,9.58594E+11,4540,9.3,65.697,3.904,47.579,NA,59,76.1,NA,75,NA,35.17425156,0.832499981,0.1,39326,1.523431135,NA,0.778086203,NA,2.99964E+11,4.217942096,4.441980334,23.26284078,19.60261467,9.974571017,16.71361359,15.81092811,NA,13,NA,2.985381321,59.67675827,1.60383334,22.08834742,100,68749830505,1.400149749,-2172159,30000000,1673000000,17.84155351,1421.835278,-1648000000,2.529328173
Palau,PLW,17794,-0.011239112,460,NA,255328837.7,14350,305695887.1,17180,NA,NA,2.21,36.109,NA,100,21.2,NA,95,NA,NA,NA,NA,409.9,NA,NA,11.29032258,NA,287215972.9,9.748413434,6.500098009,2.991101284,7.929317952,51.58831867,75.80890726,28.79735148,24.78019322,8,NA,NA,133.4326177,41.21994309,54.31452799,100,NA,NA,8,16785283.38,34583158.15,782.8481682,16141.16966,-34583158.15,0.949040644
Panama,PAN,3957099,1.741235434,75320,23,48416679422,12240,1.01785E+11,25720,3.4,77.468,2.564,86.428,50.8,96.3,17.2,NA,93,NA,77.00920105,1.008329988,0.9,42709.1,43.22848238,NA,2.681231882,NA,54091800000,5.733054309,2.478768905,2.786004533,27.55908252,47.68486166,52.25154275,42.75564873,13.21126674,5,24.35546608,NA,145.1045438,4.67E-04,62.58249864,100,88501170629,5.58731612,8648,828900000,5119300000,2.590281416,13669.55944,-3972100000,0.137492058
Papua New Guinea,PNG,8682174,2.543200663,462840,NA,22041491260,2540,29946982773,3450,NA,64.701,3.558,61.956,NA,NA,51.5,NA,57,NA,NA,NA,0.8,360244.209,55.40279778,NA,0.733652654,NA,21723437010,6.578356323,-1.231118417,17.45693017,34.80493013,NA,NA,NA,16.93324069,6,7.912467991,0.459900166,41.0035551,NA,50.6549677,100,20386681360,5.415634846,30581,280651307.6,30027878.63,68.11542992,2502.073445,-38653555.8,5.995957781
Paraguay,PRY,6177950,1.422003571,406752,26.6,37596664788,6090,75028450947,12140,4.3,73.191,2.645,76.163,NA,96.3,22.1,NA,78,95.65599823,NA,NA,0.4,174989.4,15.00681634,NA,1.030681699,NA,36211447840,2.957151735,1.60388801,9.440420725,34.58225375,34.7346587,32.18040683,21.87868241,17.35848366,7,NA,1.067449349,119.974846,6.038421024,51.49752665,100,17297632892,5.832947425,-16833,115062511.1,642600084.4,9.741095397,5861.401895,-382595424.2,3.129002745
Peru,PER,30711863,1.172230664,1285220,21.8,1.93151E+11,6290,3.41222E+11,11110,4.7,75.621,2.338,61.571,74.6,91.6,17,3.4,92,101.715332,99.5942688,0.998700023,0.3,731945.3,6.283923498,NA,1.776300578,NA,1.89803E+11,3.252244772,2.690520901,7.04564406,30.33787987,21.28732529,23.8754434,24.30511436,19.67956581,8,29.79705646,1.745080549,111.4742209,5.305279597,37.65430943,100,67186181292,3.01857707,2462,0,7336859045,10.90230139,6180.119268,-7999614643,3.398091947
Philippines,PHL,103031365,1.669830021,300000,23.5,3.45551E+11,3350,8.0903E+11,7850,5.6,71.268,2.951,52.717,NA,NA,27.9,21.4,80,NA,86.64099884,1.007279992,0.1,70141.5,3.546827214,NA,1.077253514,NA,3.06446E+11,6.348309715,-0.719682789,10.99649915,30.48195098,27.20805724,31.93353487,21.34094787,14.67705028,17,77.9321774,1.08846304,114.3710694,NA,43.58910089,100,76266262181,3.097629772,6954,153322154.9,5639155962,4.99799272,2974.296917,-99650560.95,0.674192537
Poland,POL,37986412,-0.066641101,312680,17.3,5.03183E+11,13250,9.80763E+11,25820,7.4,77.45121951,1.32,12.792,NA,99.9,4.9,NA,96,99.46398926,109.4147873,NA,0.1,94200,45.66532236,2490.206419,7.610021183,NA,4.77111E+11,4.383298635,1.317042937,2.503070664,31.11515282,47.4503064,45.36848245,20.98354658,32.67062966,5,28.87577458,2.14054583,141.4598694,10.77441706,82.9150368,100,NA,NA,-25426,2574000000,15598000000,NA,12560.05142,-10578000000,-0.874125874
Portugal,PRT,10358076,-0.414141102,92225.6,19,2.11897E+11,20460,2.98989E+11,28870,6.7,81.12439024,1.31,8.239,NA,99.9,3.6,NA,98,NA,116.8717422,0.966910005,0.6,33120,23.15221361,2131.681888,4.812853275,NA,1.99394E+11,1.792046046,2.019964428,2.099443926,19.46438213,40.61511545,39.87577894,15.85532198,37.7497571,6,30.00951384,1.326558396,113.0168861,5.079882798,61.16581207,100,NA,NA,-10124,343838968.9,1270014233,NA,19250.10654,-2385447345,0.487938624
Puerto Rico,PRI,3473232,-1.759208258,8870,NA,67441325341,19420,76936606042,22150,NA,79.695,1.3365,34.471,NA,NA,NA,NA,NA,90.60420227,99.72260284,NA,NA,4938.8,118.1434286,NA,NA,NA,1.03376E+11,-1.049290032,1.97754447,0.826985117,50.93827841,67.19493497,41.68569922,8.598555751,NA,6,NA,NA,91.64100665,NA,NA,NA,NA,NA,-64764,NA,NA,NA,29763.4883,NA,NA
Qatar,QAT,2414573,8.651162054,11490,NA,1.88423E+11,78040,2.35125E+11,97380,NA,80.064,1.864,10.735,NA,99.9,7.7,NA,99,94.36871338,101.9468307,NA,0.1,0,646.9598223,NA,35.29042195,NA,1.6174E+11,4.753345724,-25.1298075,0.161318389,57.4407932,57.06147777,36.64612641,37.06717623,NA,9,88.13929712,NA,154.912235,1.101173545,68.36962432,100,NA,NA,178133,12192032967,1070879121,NA,66984.9102,2952472527,1.814077239
Romania,ROU,19815616,-0.470052228,238400,25.3,1.90389E+11,9610,4.23969E+11,21400,5.1,74.91219512,1.62,37.154,NA,94.3,9.2,NA,86,92.82861328,91.26719666,0.994530022,0.1,69009.6,27.51490843,NA,3.699829468,NA,1.77884E+11,3.16050387,3.264754274,4.425960741,30.81202329,41.34948374,42.17167904,25.52169439,32.84792678,6,10.42202907,1.450718244,116.1454247,9.414147741,73.31692888,100,96449761851,13.46782513,-49612,514289660.2,4317731472,NA,8976.954489,-3287453782,-0.594156437
Russian Federation,RUS,144640716,0.279352078,17098250,13.4,1.72523E+12,11740,3.42861E+12,23330,6.9,71.18341463,1.777,24.819,NA,99.7,8.3,NA,98,98.2166214,98.98977661,0.988810003,NA,8149304.6,21.83667813,NA,11.0104502,NA,1.36348E+12,-1.972719226,7.249735907,3.873104487,29.79405999,28.70338944,20.65595987,22.14872532,24.47204767,5,28.84069665,4.871514747,156.7665611,15.95212486,39.19655181,100,4.92191E+11,7.84664976,384942,19688840000,6852970000,NA,9277.713867,15232100000,15.53440505
Rwanda,RWA,11642959,2.385955685,26340,NA,8556338370,730,20336103781,1750,NA,65.298,4.081,39.296,53.2,90.7,47.7,9.6,96,60.21353912,37.44496918,1.026110053,3.2,2700,17.07001179,NA,0.092797716,NA,8543759089,8.856864687,0.485911238,23.98101428,17.4466738,13.23179477,31.97019271,24.24098504,18.94287056,7,NA,1.213694733,75.23533322,15.32509175,35.86243442,100,3451961693,2.203238592,-14477,101923739.5,162083821,93.5432303,733.8133793,-158630539.6,2.528502842
Samoa,WSM,203571,0.895083543,2840,NA,800555759.3,3930,1123777862,5520,NA,72.515,4.357,48.438,NA,NA,18.5,NA,75,103.4140015,84.08760071,1.048089981,NA,1640.7,NA,NA,1.141125209,NA,824150498.7,3.850361817,3.964666396,8.323953649,14.5012807,27.14094673,47.49340828,35.8616376,28.5849211,4,NA,NA,59.20145797,0.814942077,52.17493658,100,466304621,2.900860109,-3137,15747451.09,26867532.32,460.3799226,4048.467113,-23162686.32,0.724470135
San Marino,SMR,33570,0.540630657,60,NA,NA,NA,NA,NA,NA,NA,NA,3.681,NA,NA,2,NA,84,NA,95.33100128,NA,NA,10,NA,NA,NA,NA,1419400404,2.291505561,-0.74270025,0.02005411,32.02416615,174.452681,146.9113325,12.08620405,43.04932868,8,NA,NA,109.0974084,NA,NA,NA,NA,NA,317,NA,NA,NA,42281.81125,NA,0.145686073
Sao Tome and Principe,STP,201124,1.819823892,960,NA,279487111.9,1390,643279379,3200,NA,67.249,4.387,95.992,NA,NA,23.1,NA,93,88.8219986,82.37638092,1.016350031,0.7,550,6.594609377,NA,0.61454625,NA,259999643,1.539692169,4.503709564,14.13486907,11.67945916,NA,NA,NA,NA,6,NA,NA,91.96863626,46.95713857,58.84623464,100,237958644.5,1.051529515,-1800,449656.2005,27924059.14,243.6307949,1292.733055,-25269253.02,5.24587835
Saudi Arabia,SAU,32749848,1.924622137,2149690,NA,7.7049E+11,23530,1.60207E+12,48920,NA,76.918,2.637,12.657,NA,98,9.1,5.8,98,NA,103.2760086,1.003550053,0.1,9770,29.39815864,NA,17.25779307,NA,6.69484E+11,4.509059063,-16.43694691,2.772920529,44.63949564,32.5639318,36.93995697,34.22351772,24.40461633,14,62.89319869,13.32567248,161.21011,0.787293724,56.49512899,100,NA,NA,60337,38787368000,3970644085,NA,20442.36256,1419284249,1.206073222
Senegal,SEN,14356181,2.72463609,196710,NA,19152231811,1330,42560017612,2960,NA,66.879,4.781,73.748,23.3,53.2,50.9,16.1,80,59.00497818,51.2827301,1.063074112,0.4,82681.6,7.277142855,NA,0.646794576,NA,17774766696,6.367043651,1.06978462,14.28257673,23.59660851,22.6771945,35.43314317,25.83330875,19.19785289,4,NA,1.209099171,104.2023505,3.749574997,46.17219534,100,10478611828,5.778996119,-31006,272324110.9,409166125.8,60.55928275,1238.1264,-377802064.4,0.135211934
Serbia,SRB,7095383,-0.494772574,88360,25.9,42306818532,5960,1.00984E+11,14230,4.4,75.28780488,1.46,17.501,NA,NA,6.3,NA,86,101.9165726,97.15955353,1.008820057,0.1,27195.3,8.457229629,NA,6.399950503,NA,39655949731,1.806059265,1.87289248,6.713852384,25.7972639,45.1772418,52.21852485,18.6810264,39.0083629,6,NA,1.826086336,129.3835881,NA,78.80784652,100,30260552577,11.06785877,7368,244953320.1,2343139736,44.0399075,5588.979444,-1998858560,1.39235822
Seychelles,SYC,93419,2.229795053,460,NA,1378250586,14750,2238093887,23960,NA,74.29512195,2.31,56.212,NA,NA,14.6,NA,98,104.1184998,75.85923767,1.049280047,NA,337,126.8287013,NA,5.350089382,NA,1432403352,8.914008875,-1.003186419,2.053074466,14.20303272,90.08462826,97.39038421,26.87951537,32.6551676,9,NA,1.278346001,149.3792825,8.033459573,98.15670969,100,NA,NA,245,74213584.28,105893597.2,72.57624477,15333.10517,-192959276.4,4.041944107
Sierra Leone,SLE,7314773,2.408687161,72300,NA,4025405680,550,11222500535,1530,NA,57.189,4.548,124.353,NA,NA,140.5,NA,78,59.05435181,38.51055908,0.979070008,1.5,26335.3,20.03783861,NA,0.148261607,NA,4252029354,-20.49107411,19.64033752,58.75613744,4.42877899,19.21088067,47.06847669,15.40713907,NA,6,NA,0.923453252,77.33664462,0.006537046,48.02412754,100,1558269902,1.226657602,-356,6763601.76,252435829.4,129.4599259,581.2934118,-252435829.4,6.689435625
Singapore,SGP,5535002,1.186376937,719,NA,2.94217E+11,53160,4.49493E+11,81210,NA,82.74390244,1.24,3.09,NA,99.7,2.7,NA,95,NA,107.7809982,NA,NA,164.714,606.8936853,NA,8.208109049,NA,3.07999E+11,2.976799316,3.07195501,0.032613514,24.28802291,178.3846085,151.0867904,25.35319302,17.99710989,3,207.778871,3.046712659,145.7181198,52.21071159,210.6094363,100,NA,NA,40958,NA,69774553125,NA,55645.60686,-24551342898,-0.522618167
Sint Maarten (Dutch part),SXM,38825,2.980223174,34,NA,1194947389,30780,1621729461,41770,NA,76.954,1.73,25.755,NA,NA,NA,NA,NA,NA,NA,NA,NA,3.7,NA,NA,NA,NA,1417888715,0.10581315,4.007785182,NA,6.96750003,NA,NA,NA,NA,NA,NA,NA,NA,NA,69.54001323,100,NA,NA,1027,107089385.5,27770949.72,NA,36519.99266,-27664804.47,0.330027165
Slovak Republic,SVK,5423801,0.095033879,49030,12.7,96323693602,17760,1.59033E+11,29320,8.5,76.56341463,1.4,24.186,NA,97,6.2,NA,95,93.85343933,91.89572906,1.004520059,0.1,19217.5,154.9875926,3003.66422,5.670137972,NA,88900883131,5.167181606,-0.216504526,2.195880171,30.57187221,91.60047429,88.58755769,24.62708506,40.62730637,8,NA,1.109501869,123.0642809,11.15859175,166.4584139,100,NA,NA,2637,239986534.1,1520387926,NA,16390.88217,-102094545.7,-0.325219777
Slovenia,SVN,2063531,0.075190689,20675,13.9,45948070001,22270,63252911987,30650,9.6,80.77560976,1.57,4.679,NA,NA,2.6,NA,94,98.24542236,109.65522,1.009690046,0.1,12480,48.05742032,3174.872585,6.367580618,NA,43107506024,2.210081607,1.005043485,2.096596213,28.02676657,77.14867826,69.14717844,19.16367796,40.71666582,2,13.99985886,0.930119532,113.1226386,7.007682535,143.2325961,100,NA,NA,7934,200987733.1,1730147099,NA,20890.16643,-1404352738,-0.525552286
Solomon Islands,SLB,612660,2.52650759,28900,NA,1286327346,2100,1477198592,2410,NA,69.583,4.356,64.55,29.3,86.2,22.8,16.2,75,87.40351105,NA,NA,NA,25266.2,NA,NA,0.496360134,NA,1307909888,1.676146156,3.35777296,33.22256248,15.55203493,40.36052049,47.827893,15.94520707,30.91200258,7,NA,NA,69.32262593,2.799395181,66.21251267,100,207462428.9,1.092331121,-1603,55643035.76,32222728.56,310.1720347,2134.805418,-27508876.56,-0.574469286
Somalia,SOM,13763906,3.359150333,637660,NA,6893507256,500,20939567520,1520,NA,54.857,6.978,127.933,NA,NA,132.6,NA,46,NA,NA,NA,NA,63637.5,2.117934247,NA,0.046948882,NA,6984947145,9.946799979,6.899269666,NA,NA,14.86001323,57.08353679,NA,NA,9,NA,NA,42.40075455,NA,NA,100,2770590307,4.63E-04,-17178,NA,303000000,91.58447163,507.4829155,NA,NA
South Africa,ZAF,55876504,2.074016859,1219090,NA,3.65988E+11,6550,7.42544E+11,13290,NA,63.95,2.359,78.367,NA,NA,37.8,5.7,86,96.14660645,110.1689301,0.955309987,18.7,172320.9,18.58037462,NA,7.607188524,NA,3.4671E+11,1.321862237,5.545528123,2.23397839,23.73230797,27.71363841,29.01303773,18.63320666,29.64725819,7,212.2654711,1.006928622,157.4892588,7.426564327,53.54708898,100,1.27741E+11,7.996419432,644996,980097838.5,1521139945,25.41801863,6204.929901,3993788901,4.540642277
South Sudan,SSD,11194299,-0.169451605,646883,NA,11669229567,1040,11250917095,1010,NA,55.566,4.937,104.178,NA,NA,98.8,NA,52,20.55500031,11.23095036,0.685389996,2.2,71570,18.23373976,NA,0.175928837,NA,11997800760,-10.79336463,17.68933214,10.35502745,33.0945354,36.65134928,28.8999999,5.750756372,NA,13,NA,8.908535203,25.89711066,NA,NA,NA,NA,NA,-160109,145950000,150000,149.6145454,1071.777765,-1180000,52.76633042
Spain,ESP,46444832,-0.077588862,505924,22.3,1.3219E+12,28460,1.62147E+12,34910,5.8,82.83170732,1.33,7.628,NA,99.9,3.3,NA,96,96.10134888,124.85466,1.004529953,0.3,185511.8,37.96118601,2571.340962,5.538855216,NA,1.19616E+12,3.838518877,0.545318262,2.734089484,20.07361153,33.61086067,30.57234448,18.98743335,27.77017175,7,65.81011597,1.27023204,109.9855567,6.887358494,49.66948438,100,NA,NA,-871,368030578.6,23037070821,NA,25754.36103,33299356666,-0.50036571
Sri Lanka,LKA,21336697,0.456782306,65610,NA,82284468109,3860,2.50314E+11,11730,NA,74.927,2.091,16.9,NA,NA,8.8,NA,99,95.02100372,94.79299927,NA,0.1,21288.2,6.576622539,NA,0.901775003,NA,85140955389,4.205955476,3.014380798,8.216938879,29.53541787,19.89338382,27.02458699,34.27579881,12.57700432,8,24.43490316,2.417011166,112.0119107,0.891656274,34.6272835,100,43925393891,4.271842153,-98598,896280000.2,679655644.2,20.85655572,3990.353117,-626668319.8,3.768367831
St. Kitts and Nevis,KNA,47790,0.00209251,260,NA,878445238.3,18380,1182284611,24740,NA,70.763,1.643,41.586,NA,100,18.2,NA,95,118.1415863,113.4822617,0.992730021,NA,110,78.46083789,NA,4.971751412,NA,957222222.2,0.694135528,-0.156232299,0.848906945,22.73824724,NA,NA,NA,34.30489456,7,NA,NA,152.7704541,23.28034099,36.77307023,100,NA,NA,-191,19657404.39,128276604.8,NA,20029.75983,-133211670.1,-2.30187563
St. Lucia,LCA,175623,0.467430587,620,0.3,1578909926,8990,2301852709,13110,5.5,73.138,1.473,39.705,NA,99.1,17.8,NA,97,NA,91.54831696,0.977559984,NA,207.7,42.1361478,NA,2.853840328,NA,1807640741,0.102115735,3.236452802,2.152590956,10.86335166,NA,NA,NA,19.70954569,5,NA,NA,106.9000074,4.558693322,41.49054528,100,529980934.5,4.231043191,0,18735427.64,152240176.1,78.34964799,10292.73353,-128965525.4,-0.983600953
St. Martin (French part),MAF,35020,-0.685821046,50,NA,NA,NA,NA,NA,NA,79.309,2.558,20.46,NA,NA,NA,NA,NA,NA,NA,NA,NA,12.4,NA,NA,NA,NA,NA,1,NA,NA,NA,NA,NA,NA,NA,NA,NA,NA,NA,NA,NA,100,NA,NA,-662,NA,NA,NA,NA,NA,NA
St. Vincent and the Grenadines,VCT,106482,-0.403010939,390,NA,760856342.4,7150,1290910378,12120,NA,74.407,2.099,57.221,NA,98.7,16.5,NA,99,109.5267029,118.1076965,0.997340024,NA,285.4,99.56399437,NA,2.314945249,NA,786555555.6,2.783161194,-0.73197383,6.260300419,14.94890992,NA,NA,NA,24.42953336,7,NA,NA,106.4696381,0,48.31190846,100,343937309.5,4.374524102,-1295,10052444.72,123879208,126.7819913,7386.746638,-115778056.5,-1.73361195
Sudan,SDN,38171178,3.107511671,1878000,NA,47421486583,1240,1.64989E+11,4320,NA,64.659,4.898,93.526,NA,NA,64.7,NA,87,63.04476929,47.60297012,0.934849977,0.1,192099.3,1.920429132,NA,0.504548222,NA,51726758677,1.910176891,14.02255744,31.55645133,16.07121074,6.422910929,11.95536193,12.80813353,10.31439658,11,NA,2.712940233,73.19267695,0.69180467,24.50955816,100,21657734194,1.034595377,49080,89390261.94,1728373403,25.40398445,1355.126099,-1728373403,16.90957061
Suriname,SUR,575475,1.011747632,163820,NA,4971060065,8640,9597224750,16680,NA,70.8,2.494,60.131,NA,90,20.5,NA,76,83.61398315,73.01000977,1.134039998,1.5,152516.7,8.323165524,NA,4.733654807,NA,5126237646,-3.413042681,4.854590609,10.40815724,27.25991566,NA,NA,NA,NA,13,NA,NA,130.4067075,10.81283131,71.78754194,100,2562547848,6.663756135,-976,32221024.19,183665852.7,27.76836447,8907.837258,-266741456,6.893903592
Eswatini,SWZ,1133936,0.714313722,17360,NA,4192814770,3700,9578400966,8450,NA,55.019,3.117,77.114,NA,NA,63.5,NA,89,93.19016266,79.5160675,0.935450017,29.9,4915,3.804537145,NA,0.895905942,NA,4063245671,2.227480675,5.545064733,9.354311403,35.7327075,43.10686579,40.98284578,12.51467246,27.54490875,12,NA,1.749614035,82.98528312,0.232638307,79.34543616,100,449611575.9,2.464671433,-10464,19330858.64,31498094.37,81.68891124,3583.31129,-32719601.21,4.951244937
Sweden,SWE,9799186,1.057454686,528449.29,16.2,5.72699E+11,58440,4.85243E+11,49520,8.2,82.20487805,1.85,4.735,NA,NA,2.9,NA,98,99.31504059,137.4629669,1.09107995,NA,279800,212.6752764,5102.785578,3.992178534,NA,5.05104E+11,4.489281588,2.121180245,1.449558382,22.15807176,43.76676752,39.95704699,24.42868979,32.40356111,3,NA,1.066502053,128.3214584,18.12533588,55.12154339,100,NA,NA,77987,2275887117,10254310464,NA,51545.48361,4645839623,-0.046784745
Switzerland,CHE,8282396,1.138337152,41290.7,14.7,7.19021E+11,86810,5.46014E+11,65920,7.8,82.89756098,1.54,2.852,NA,NA,4.3,NA,94,96.63136292,103.9133911,0.979340017,0.2,12519.1,406.8886038,2960.073389,4.719745349,NA,6.94118E+11,1.644627687,-1.265056875,0.626446261,24.20112582,63.82895575,53.30952646,25.07486328,17.74615141,6,218.8854131,0.651341083,135.7591625,27.05064976,78.19230365,NA,NA,NA,71488,26031033077,1.18752E+11,NA,83806.4476,7382490805,-1.143908672
Syrian Arab Republic,SYR,19205178,-4.415743721,185180,NA,17395487477,910,NA,NA,NA,65.124,3.049,40.146,NA,NA,43.9,NA,53,NA,NA,NA,0.1,5220.8,1.179203052,NA,1.315306737,NA,16466863097,-4.179791613,38.21454775,33.13046221,15.49133603,14.29110466,36.79510316,NA,NA,7,NA,NA,74.52298021,NA,52.42042731,100,4419183536,0.003602494,-827474,NA,NA,256.205395,857.4178848,NA,NA
Tajikistan,TJK,8524063,2.346816042,141380,31.3,10654541763,1250,30466253365,3570,7.4,69.306,3.459,52.011,NA,98,37.6,NA,97,92.20542145,NA,NA,0.1,4218,0.793818642,NA,0.575406353,NA,8271431485,6.019303318,6.86625095,21.59057472,30.2202135,9.80269843,40.13511764,44.68945306,NA,4,NA,1.281971819,99.58867028,NA,52.31258952,100,5144129015,3.205689679,-18984,165138264.3,454012320,50.70938589,970.3625472,-454012320,5.714559496
Tanzania,TZA,52542823,3.344574305,947300,NA,49153890681,960,1.15192E+11,2260,NA,64.651,5.088,129.069,NA,NA,54.7,13.7,95,64.65573883,27.23949051,1.041129947,5.3,480900,9.146203668,NA,0.204897632,NA,47413919817,6.160628774,7.591364023,26.74588573,24.48735011,17.10491155,23.65276932,32.75869228,11.38312084,11,NA,1.091369867,75.49194539,0.81565034,32.95023921,100,18159958606,1.004853486,201562,103818117.8,1506024896,49.19244558,929.7998047,-1506024896,5.58816953
Thailand,THA,70294397,0.475496517,513120,7.2,3.92055E+11,5580,1.05646E+12,15030,7.5,77.717,1.469,45.947,NA,NA,10.3,NA,99,NA,130.9334717,0.953830004,1.4,200610,7.002569289,NA,3.824676098,NA,4.01296E+11,3.134047249,0.722113573,8.872723648,36.17917733,67.63669027,57.20297188,22.35564064,20.54471087,7,86.91783694,1.426580302,146.4441042,23.90663416,103.904039,100,1.32367E+11,5.193373073,32595,3992380815,8927579182,0.83463264,5708.794091,-3936528344,-0.900424963
Timor-Leste,TLS,1205813,1.755472386,14870,NA,2633293107,2180,6578267615,5460,NA,67.137,3.903,38.367,NA,NA,61.6,NA,70,101.3899994,73.05799866,1.002303958,0.1,9281,1.361096502,NA,0.36257695,NA,1595205100,2.797266112,7.202726588,17.77274283,18.31407134,3.04089424,56.85063319,36.83525711,92.73267995,5,NA,2.318050677,114.1693613,NA,37.36196681,NA,116733681.1,0.029269053,-5529,158813100,42995500,176.0554856,1322.929094,-30328700,0.646148614
Togo,TGO,7473229,2.504545741,56790,55.1,6426661268,860,14735304716,1970,5,59.396,4.594,82.951,NA,NA,75.8,NA,75,NA,NA,NA,2.3,12240.7,25.80924231,NA,0.244285302,NA,5755461035,5.468031293,2.202711273,18.92195283,22.79404267,25.97607505,42.22401337,25.18503056,14.84467143,6,NA,1.674422895,64.96798974,0.320389165,58.15346467,100,1097348790,1.030132886,-1985,89431613.89,257860036.5,26.69127377,770.1438074,90793247.47,2.585003908
Tonga,TON,106122,-0.473800875,750,NA,447039000.6,4210,586539552.1,5530,7.7,70.607,3.562,20.51,NA,NA,12.4,NA,99,NA,97.39259338,1.01038003,NA,89.5,NA,NA,1.035600535,NA,437003078.6,1.171888256,5.283368583,16.8686027,15.49235067,16.96031829,64.49108682,24.6010466,22.24910162,4,NA,NA,69.25331223,NA,51.94471415,100,184338819.8,1.457275265,-2495,14221511.37,6349155.28,644.5412028,4117.931047,-6568362.563,-1.05399832
Trinidad and Tobago,TTO,1460177,0.653834662,5130,NA,27998259926,19170,40173406191,27510,NA,74.503,1.682,39.97,NA,100,19.3,NA,89,NA,NA,NA,1.3,2302.9,80.38691549,NA,14.59453203,NA,27026080987,-0.777459952,-8.733614249,1.658294071,35.68858738,NA,NA,25.13536296,35.61664748,7,NA,0.83320624,145.4189458,0.13794002,73.93228789,100,NA,NA,-583,289580106.3,176829744.9,NA,18508.7705,-48490372.1,4.661215981
Tunisia,TUN,11557779,1.120928168,163610,15.2,47041033757,4070,1.19776E+11,10360,7.8,75.692,2.251,9.628,NA,NA,17.6,NA,98,97.26052094,86.76495361,NA,0.1,6950.8,12.63161361,NA,2.736460007,NA,45779494042,0.967703108,4.213840076,9.205923017,24.89673137,38.39983876,48.8486919,21.73899971,NA,11,19.26465153,2.139591629,126.2861685,7.785323238,74.91126916,100,27487161066,4.12893327,-25230,26457656.28,970521888.7,42.90357128,3960.924849,-970521888.7,4.437371273
Turkiye,TUR,78218479,1.33411577,785350,14.3,9.44501E+11,12080,1.99974E+12,25570,NA,76.646,2.194,27.353,NA,99,13.3,NA,97,98.8300705,107.243187,0.980279982,NA,216303,16.09223255,1657.925859,4.518290365,NA,8.64314E+11,6.084486904,7.84491693,6.868375345,27.83434929,24.53127734,26.55726626,28.19920217,30.38437765,11,21.85107859,1.812848293,92.45799717,3.436024122,42.18386836,100,3.9958E+11,6.530742888,341261,850000000,19263000000,27.37537264,11049.99511,-14167000000,7.670853648
Turkmenistan,TKM,5766431,1.807271728,488100,NA,39142691113,6790,74409400940,12900,NA,68.782,2.93,26.933,NA,NA,42.5,3.2,99,NA,NA,NA,NA,41270,1.274354489,NA,11.06015142,NA,35799714286,6.49999991,-5.153297788,9.306538759,54.29333035,35.67546429,45.62446628,NA,NA,NA,NA,NA,135.9939734,NA,47.4864125,100,7003746694,4.373046377,-9612,NA,3042968000,3.979931566,6208.296655,NA,NA
Turks and Caicos Islands,TCA,36538,4.343341672,950,NA,855562217.3,23420,820209533,22450,NA,76.912,1.67,19.653,NA,NA,6.9,NA,NA,71.49028015,81.63017273,NA,NA,105.2,NA,NA,NA,NA,942070000,11.31483413,0.623168365,0.495079983,9.666266838,NA,NA,NA,NA,NA,NA,NA,NA,NA,44.0519282,100,NA,NA,1663,85674000,-69888000,NA,25783.2941,69863000,NA
Tuvalu,TUV,10877,-0.20205738,30,NA,61921107.83,5690,63572213.68,5840,NA,64.06,3.217,33.965,NA,NA,25.9,NA,94,107.8048782,88.835289,1.069010019,NA,10,NA,NA,0.707915786,NA,36811936.08,10.41666667,3.20315928,15.91632653,7.015510204,NA,NA,NA,NA,NA,NA,NA,60.67849591,NA,100.5108776,NA,NA,NA,-159,1116780.155,300000,4564.677901,3384.383201,NA,NA
Uganda,UGA,37477356,3.091309156,241550,NA,31764483698,850,80598864466,2150,NA,61.086,5.306,123.351,34.7,NA,55.8,8.9,79,53.31999969,NA,NA,6,25441.6,50.84330256,NA,0.125731922,NA,32387183730,5.18785986,5.187859865,23.47236969,27.10988488,12.87732531,24.81197302,23.85979445,11.57741099,14,NA,1.043148025,53.95330716,2.297024585,24.06816247,100,9570705818,0.298477889,-62377,278222282.5,737652140.2,43.71066182,864.1800593,-737369521.1,5.589686063
Ukraine,UKR,45167350,-0.23176829,603550,NA,1.19858E+11,2800,4.4924E+11,10490,10,71.1895122,1.506,28.585,NA,NA,9.4,NA,56,88.57595825,90.50289917,NA,NA,96570,9.993519353,NA,4.230219395,NA,91030967789,-9.772987213,38.88167976,12.05937611,21.72795774,52.59767951,55.20893679,15.93331603,35.75839408,5,6.283125555,3.251180763,142.0030379,8.038853598,83.09699637,100,1.18566E+11,31.33478398,-21937,627000000,-198000000,32.08844388,2124.662598,236000000,48.69986464
United Arab Emirates,ARE,8916899,0.911950036,98647.9,NA,4.12574E+11,46270,6.12871E+11,68730,NA,79.223,1.486,7.785,NA,99.9,7.6,NA,99,125.1652985,NA,NA,0.1,3173,145.5173335,NA,21.91450189,NA,3.70275E+11,6.786772877,-16.26700603,0.72367159,43.35424493,97.56318807,71.91304863,24.79853452,3.414653355,6,52.89956427,NA,201.219729,5.30115833,152.2904017,100,NA,NA,-14154,NA,8550901847,NA,41525.1389,NA,4.069966084
United Kingdom,GBR,65116219,0.792367506,243610,NA,2.89007E+12,44380,2.70692E+12,41570,7.5,80.95609756,1.8,14.857,NA,NA,4.5,NA,93,99.48760986,125.7025909,1.016409993,NA,31550,358.8126398,2764.516671,6.159376361,NA,2.92791E+12,2.220258322,0.660990521,0.631166672,18.09417512,27.84595067,29.35759902,17.86938461,33.06904273,4,NA,2.044058241,121.5048919,22.32275235,37.42780936,100,NA,NA,254218,10707262597,45333483122,NA,44964.39114,-1.0551E+11,0.368046842
United States,USA,320738994,0.736217309,9831510,NA,1.81241E+13,56510,1.86081E+13,58020,5.3,78.6902439,1.8435,21.899,NA,99.1,6.8,NA,92,NA,97.65254974,1.005079985,0.4,3100950,41.16826974,6803.996607,15.56001544,NA,1.8295E+13,2.945550455,0.928042795,1.028904091,18.49671277,12.41114863,15.2770653,21.41518957,18.99535879,6,137.0183852,3.481428215,102.3083933,21.38094108,20.86837406,100,NA,NA,1221849,60719000000,5.11434E+11,NA,57040.20821,-2.09363E+11,0.118627136
Uruguay,URY,3402818,0.328384513,176220,NA,57498586686,16900,71495545533,21010,5.6,77.483,2.023,57.871,NA,99.9,8.9,NA,96,100.7218628,108.0432968,NA,0.5,19200,15.75965246,NA,1.956378507,NA,57680327999,0.370741258,9.855420322,6.131441943,25.44175805,22.47785125,22.85038956,19.7053904,28.12362128,5,NA,1.820588136,151.7998906,14.74248776,29.77965035,100,NA,NA,-4156,87384745.17,2673041339,6.812001202,16950.75317,-774700169.7,8.666269871
Uzbekistan,UZB,31298900,1.744258375,448924,NA,85736607647,2740,2.12543E+11,6790,NA,70.475,2.491,24.898,NA,100,19.9,NA,99,96.14199829,92.27300262,0.987200022,NA,35494,1.563225694,NA,3.17449495,NA,86196264755,7.218773503,10.50069952,29.22071857,22.52046082,13.76629135,16.98421731,26.3433389,19.64547187,4,NA,NA,70.38355521,NA,24.25163093,100,13385564471,1.422705135,-20380,335516240,1041199291,14.40945209,2753.971058,-1036625230,8.751881967
Vanuatu,VUT,276438,2.383501228,12190,NA,765738788.4,2770,779720279.5,2820,NA,69.513,4.006,71.024,NA,NA,21,NA,76,NA,53.39009094,0.98793,NA,4423,NA,NA,0.485823223,NA,730870803,0.366522075,5.863819798,22.4211306,9.923798285,46.03361914,67.01357068,32.89980793,20.93477284,8,NA,NA,63.23949674,NA,55.55017362,100,256793136.3,0.936805074,-756,3331006.951,31021245.77,674.8710292,2643.886886,-29733139.6,2.483268757
"Venezuela, RB",VEN,30529716,1.108184995,912050,33.1,NA,NA,NA,NA,NA,73.006,2.34,90.609,NA,99.3,19.1,NA,92,94.96392822,89.09152222,1.018300056,0.5,466830,NA,NA,5.343217081,NA,NA,NA,NA,NA,NA,NA,NA,NA,NA,20,NA,0.941375969,95.29573416,NA,NA,100,1.67206E+11,NA,-77421,105000000,2956000000,1.198504439,NA,-370000000,121.7380853
Viet Nam,VNM,92191398,1.042270946,331230,NA,2.28398E+11,2480,6.75965E+11,7330,NA,73.876,1.951,35.761,75.7,NA,21.9,14.1,97,97.21399689,88.19799805,NA,0.4,140618.6,2.922703188,NA,2.185814559,NA,2.39258E+11,6.987154306,-1.716511707,14.47472618,34.26654664,72.92285161,71.99137627,32.10891589,NA,9,24.54837429,2.361155697,130.5154869,36.36831241,136.9544802,100,81824874002,3.005116681,-4761,NA,11800000000,34.35667493,2595.234844,-10700000000,0.631200905
Virgin Islands (U.S.),VIR,107712,-0.157703865,350,NA,NA,NA,NA,NA,NA,79.01707317,2.11,36.997,NA,NA,NA,NA,NA,NA,NA,NA,NA,191.6,NA,NA,NA,NA,3663000000,-0.425079702,3.187577554,NA,NA,41.63254163,43.13404313,NA,NA,NA,NA,NA,NA,NA,NA,NA,NA,NA,-630,NA,NA,NA,34007.35294,NA,NA
West Bank and Gaza,PSE,4270092,2.290480058,6020,NA,15666018699,3670,27657931280,6480,NA,74.406,4.046,53.807,NA,NA,18.4,NA,99,95.92949677,86.92709351,1.058969975,NA,101.4,47.98214286,NA,NA,NA,13972400000,3.721299671,-3.707013017,7.408891815,16.42523833,16.06238012,54.71858807,25.08803069,5.406248675,11,23.89854284,NA,77.96137302,0.961927851,NA,100,NA,NA,-22904,30398350.33,104937726.7,438.4472187,3272.154324,-29667905.72,1.431611458
"Yemen, Rep.",YEM,28516545,2.712954898,527970,NA,31990154386,1120,NA,NA,NA,65.873,4.322,64.753,NA,NA,49.3,NA,67,NA,NA,NA,0.1,5490,11.90588782,NA,0.4752399,NA,42444490074,-27.99454625,46.47625123,20.2059374,33.86615935,9.051577546,22.58596008,NA,NA,6,NA,NA,52.67802604,4.829284154,16.6876784,100,7298886700,0.864073274,-38355,333389518,-15444808.35,62.36414805,1488.416289,15444808.35,NA
Zambia,ZMB,16248230,3.191896262,752610,54.4,25049035692,1540,53670410331,3300,3.1,61.208,4.793,128.861,NA,NA,68,NA,90,NA,NA,NA,13,457551,13.51858575,NA,0.305054766,NA,21251216799,2.920375112,6.659292114,4.980836564,33.65724912,37.1385258,42.72689101,42.80487073,18.29577164,7,NA,1.785254203,71.13220948,4.249060704,68.42902285,100,12623242334,2.894099317,16283,72104698.87,1582666667,49.09334695,1307.909649,-1724246018,10.11059289
Zimbabwe,ZWE,14154937,2.136294238,390760,NA,17275984065,1220,33607369293,2370,NA,59.591,3.849,102.084,66.8,78.1,60.2,8.5,86,90.97955322,NA,NA,14.4,176749.3,5.880153343,NA,0.846962441,NA,19963120600,2.023649996,0.367419653,8.284246903,22.3583917,19.16017579,37.58863532,10.03564042,19.00340229,10,NA,1.886308779,90.12692886,3.276827601,46.59091224,100,9648657301,3.781186193,-59918,11350439.12,399200000,55.69010855,1410.329173,-399200000,-2.430968424